4465833,"795 Fifth Avenue, Apt. 39, Upper East Side",40.7652672,-73.9719652
4465844,"795 Fifth Avenue, Apt. 14, Upper East Side",40.7652672,-73.9719652
5201581,"988 Fifth Avenue, Apt. PENTHOUSE, Upper East Side",40.7869778,-73.956131
4465845,"795 Fifth Avenue, Apt. 10, Upper East Side",40.7652672,-73.9719652
3825456,"35 East 76th Street, Apt. 2601-2610, Upper East Side",40.7742972,-73.96299309999999
4465850,"795 Fifth Avenue, Apt. 21, Upper East Side",40.7652672,-73.9719652
5182625,"151 East 58th Street, Apt. PH53W, Upper East Side",40.7615678,-73.967902
5239230,"944 Park Avenue, Apt. 16, Upper East Side",40.7773687,-73.9597024
5113061,"12 East 80th Street, Upper East Side",40.777128,-73.96253600000001
2843445,"225 East 64th Street, Apt. LL, Upper East Side",0,0
5191006,"432 Park Avenue, Apt. 35B, Midtown East",40.7616335,-73.9717988
5199494,"12 East 80th Street, Apt. 1, Upper East Side",40.777128,-73.96253600000001
5158647,"4 West 58th Street, Apt. Floor 10, Central Park South",33.9897733,-118.273956
5161091,"4 West 58th Street, Apt. Floor 11, Central Park South",33.9897733,-118.273956
4568348,"795 Fifth Avenue, Apt. 6, Upper East Side",40.7652672,-73.9719652
5219592,"11 East 36th Street, Apt. 2, Murray Hill",40.749582,-73.9826338
5232506,"135 East 15th Street, Gramercy",40.7345122,-73.9874442
5188218,"356 Bedford Avenue, Apt. COMM A, Williamsburg",40.712209,-73.96305
5206520,"166 East 81st Street, Upper East Side",40.77565,-73.95707800000001
5161121,"4 West 58th Street, Apt. Floor 12, Central Park South",33.9897733,-118.273956
5118730,"157 West 57th Street, Apt. 45C, Midtown West",40.76555889999999,-73.9789918
5161130,"4 West 58th Street, Apt. Floor 13, Central Park South",33.9897733,-118.273956
5145700,"19 West 12th Street, Greenwich Village",40.7351953,-73.99539450000002
5209476,"944 Park Avenue, Apt. 7F, Upper East Side",40.7773687,-73.9597024
5159984,"800A Fifth Avenue, Apt. 205, Upper East Side",40.7656199,-73.971605
5203252,"795 Fifth Avenue, Apt. 16, Upper East Side",40.7652672,-73.9719652
5159367,"56 LEONARD ST, Apt. 39 WEST, Tribeca",40.7178984,-74.00638289999999
5230136,"61 Fifth Avenue, Apt. DUPLEX1, Greenwich Village",40.73508229999999,-73.99388189999999
5231192,"502 Park Avenue, Apt. PH28, Upper East Side",40.7633071,-73.9701458
5233096,"16 Remsen Street, Brooklyn Heights",40.694876,-73.998009
3786252,"111 West 67th Street, Apt. 42A, Upper West Side",40.77469360000001,-73.98134379999999
5203830,"212 West 18th Street, Apt. 9AB, Chelsea/Hudson Yards",40.7412267,-73.99877409999999
5134378,"30 PARK PLACE, Apt. 73A, Tribeca",40.7127831,-74.0090321
3709855,"260 East 67th Street, Apt. B, Upper East Side",40.7655494,-73.96110519999999
3707037,"140 West 12th Street, Apt. 200, West Village",41.2444941,-111.9792455
5123347,"105 East 29th Street, Apt. Ground Flo, Gramercy",0,0
5234255,"40 MERCER ST, Apt. 37, Soho/Nolita",40.7214721,-74.0012684
5214130,"56 LEONARD ST, Apt. 8A EAST, Tribeca",40.7178984,-74.00638289999999
5127060,"40 East 94th Street, Apt. 31D, Carnegie Hill",40.7855606,-73.9546989
5214877,"30 PARK PLACE, Apt. 64B, Tribeca",40.7127831,-74.0090321
5238156,"101 WARREN ST, Apt. 3250, Tribeca",40.7160005,-74.0126088
5203863,"115 East 18th Street, Gramercy",40.7368831,-73.98761379999999
5182471,"4 BEDFORD ST, Greenwich Village",40.7288786,-74.0032227
5243889,"56 LEONARD ST, Apt. 7 EAST, Tribeca",40.7178984,-74.00638289999999
5244061,"860 Fifth Avenue, Apt. 1HJ1 &  1H, Upper East Side",40.7694948,-73.96871039999999
5245083,"250 West Street, Apt. 2D, Tribeca",40.7218524,-74.01115399999999
5241034,"149 Franklin Street, Apt. 3rd floor, Tribeca",40.7190195,-74.00776979999999
5188758,"400 Park Ave South, Apt. 36B, Murray Hill",40.74306869999999,-73.98443449999999
4359775,"13 Gramercy Park South, Apt. 2 FL, Gramercy",40.73773,-73.9869368
3851021,"1 Central Park South, Apt. 1401, Central Park South",40.767434,-73.9811782
5151912,"57 IRVING PLACE, Apt. FL6, Gramercy",40.7363127,-73.9874145
5152919,"56 LEONARD ST, Apt. 26B WEST, Tribeca",40.7178984,-74.00638289999999
4568128,"455 West 20th Street, Apt. Duplex G1, Chelsea/Hudson Yards",0,0
3823656,"80 Riverside Blvd, Apt. PH2B, Upper West Side",40.7751099,-73.99006279999999
5235614,"160 West 12, Apt. 76, West Village",37.7323578,-80.6621874
5234555,"172 East 71st Street, Apt. 2, Upper East Side",40.7691392,-73.9617955
3698041,"109 GREENE ST, Apt. 4A, Soho/Nolita",40.7247329,-73.99985629999999
5173444,"157 West 57th Street, Apt. 43B, Midtown West",40.76555889999999,-73.9789918
5187597,"356 Bedford Avenue, Apt. COMM B, Williamsburg",40.712209,-73.96305
5214121,"30 PARK PLACE, Apt. 61B, Tribeca",40.7127831,-74.0090321
3460688,"1113 York Avenue, Apt. RETAIL, Upper East Side",40.759742,-73.959367
5193090,"10 MADISON SQUARE WEST, Apt. 5G, Flatiron",40.7427673,-73.9893285
5185678,"5 East 16th Street, Apt. 7, Flatiron",40.7372171,-73.9918362
5129790,"181 East 64th Street, Upper East Side",40.765127,-73.964753
5140846,"28 Laight Street, Apt. 6E, Tribeca",40.7221869,-74.0069829
5237751,"9 GAY ST, Greenwich Village",40.7334416,-74.00035299999999
5219663,"45 East 22nd Street, Apt. 42B, Flatiron",40.7399733,-73.9873258
5241008,"1050 Fifth Avenue, Apt. Office 2, Upper East Side",40.7816743,-73.9600313
5229023,"414 Dean Street, Park Slope",40.6823223,-73.9775532
5224637,"310 East 69th Street, Upper East Side",40.766519,-73.95947
5211480,"330 East 38th Street, Apt. 46MNO, Murray Hill",40.7462466,-73.9725283
5239763,"545 West 20th Street, Apt. PHA, Chelsea/Hudson Yards",0,0
5184028,"31 West 11th Street, Apt. 6A, Greenwich Village",40.7347533,-73.99619740000001
5192312,"140 East 63rd Street, Apt. 11C, Upper East Side",40.7644128,-73.9662085
3786103,"10 West End Avenue, Apt. 14B, Upper West Side",40.7718474,-73.990027
5123014,"14 East 4th Street, Apt. 509, Greenwich Village",40.7280115,-73.9938714
5209108,"56 LEONARD ST, Apt. 35A EAST, Tribeca",40.7178984,-74.00638289999999
5126223,"340 West 57th Street, Apt. 3ABC, Midtown West",40.767258,-73.98467099999999
5122392,"2 CORNELIA ST, Apt. 1004-05, Greenwich Village",40.7315806,-74.0014486
5215258,"520 West 28th Street, Apt. 14, Chelsea/Hudson Yards",40.7511711,-74.00271
5230792,"55 East 86th Street, Apt. 9B, Carnegie Hill",40.7808597,-73.9582116
5114994,"118 Amity Street, Cobble Hill",40.6892469,-73.9964858
5161090,"1 Central Park West, Apt. 42B, Upper West Side",40.7691199,-73.98155820000001
3709854,"260 East 67th Street, Apt. A, Upper East Side",40.7655494,-73.96110519999999
3810603,"551 West 21st Street, Apt. 6B, Chelsea/Hudson Yards",40.7474895,-74.0071005
4056678,"70 PINE ST, Financial District",37.792644,-122.3985931
5201095,"141 East 88th Street, Apt. 5G, Carnegie Hill",40.7808106,-73.9542538
5245682,"15 Central Park West, Apt. 24F, Upper West Side",40.76977979999999,-73.9810253
5218827,"45 East 22nd Street, Apt. 28A, Flatiron",40.7399733,-73.9873258
3792292,"200 East 90th Street, Apt. 10EF, Upper East Side",40.7810682,-73.9519127
5173631,"110 East 71st Street, Apt. 4THFL, Upper East Side",40.7700805,-73.96384309999999
5149195,"28 East 10th Street, Apt. 8A, Greenwich Village",40.73241429999999,-73.99364369999999
5229024,"527 Hicks Street, Apt. 1, Carroll Gardens",40.6850498,-74.0006444
4056672,"70 PINE ST, Apt. PH5902, Financial District",40.7064289,-74.00765679999999
4029042,"346 Park Ave South, Apt. 3A, Flatiron",40.7417313,-73.9855977
5114338,"123 Third Avenue, Apt. PH17, Greenwich Village",40.7329664,-73.9869729
5207344,"48 MERCER ST, Apt. 6W, Soho/Nolita",40.7216615,-74.0009717
5183848,"50 WOOSTER ST, Apt. 2NR, Soho/Nolita",40.7224457,-74.0023132
5230020,"129 Lafayette Street, Apt. 8C, Soho/Nolita",40.7189393,-73.9998217
5227508,"40 MERCER ST, Apt. 27, Soho/Nolita",40.7214721,-74.0012684
5228252,"51 Jay Street, Apt. PHD, DUMBO/Vinegar Hill",0,0
5200837,"35-37 NORTH MOORE, Apt. 3B, Tribeca",40.7200069,-74.0078736
5097855,"721 Fifth Avenue, Apt. 30G, Midtown East",40.76230899999999,-73.9739779
5076268,"40 East 75th Street, Apt. 5-PH, Upper East Side",0,0
5076329,"20 East End Avenue, Apt. 5C, Upper East Side",40.7714223,-73.9479297
5113959,"1 Central Park West, Apt. 29G, Upper West Side",40.7691199,-73.98155820000001
3923892,"421 HUDSON ST, Apt. 620, West Village",40.7298841,-74.0072519
3841082,"101 WARREN ST, Apt. 5K, Tribeca",40.7160005,-74.0126088
5136396,"63 West 17th Street, Apt. 9A, Chelsea/Hudson Yards",40.7393092,-73.994929
5238635,"117 East 24th Street, Apt. 9, Gramercy",40.7406616,-73.9848743
5187598,"356 Bedford Avenue, Apt. COMM C, Williamsburg",40.712209,-73.96305
5192187,"110 Riverside Drive, Apt. 16A, Upper West Side",40.7877039,-73.9806073
5196485,"166 Duane Street, Apt. 6C, Tribeca",40.7167637,-74.0094459
5222747,"23 Beekman Place, Apt. PH, Beekman",40.7538065,-73.96464019999999
5236037,"502 Park Avenue, Apt. 11B, Upper East Side",40.7633071,-73.9701458
5203956,"404 Park Ave South, Apt. 14C, Gramercy",40.7436158,-73.9842195
5176873,"116 East 91st Street, Apt. 3-4, Upper East Side",40.7828429,-73.9541244
5164915,"103 Fifth Avenue, Apt. 5 FL, Flatiron",40.7381152,-73.9917091
5208029,"157 West 57th Street, Apt. 34A, Midtown West",40.76555889999999,-73.9789918
5175765,"7 HUBERT ST, Apt. 5B, Tribeca",40.721181,-74.0087798
5208686,"45 East 22nd Street, Apt. 26B, Flatiron",40.7399733,-73.9873258
5215081,"515 Broadway, Apt. 2ARF, Soho/Nolita",40.7227148,-73.9993678
5241858,"126 West 22nd Street, Apt. 9N, Chelsea/Hudson Yards",40.7425969,-73.9945099
5128029,"236 North 12th Street, Apt. Comm, Williamsburg",40.7191413,-73.9528119
5202808,"20 Henry Street, Apt. PH2S, Brooklyn Heights",40.700295,-73.9918598
5182627,"12 West 17th Street, Apt. 9THFLOOR, Flatiron",40.7381258,-73.9932499
5129026,"60 Riverside Blvd, Apt. 2701, Upper West Side",40.7745737,-73.99097859999999
5136419,"330 East 75th Street, Apt. 27BC, Upper East Side",40.7697707,-73.9549916
5208806,"444 East 57th Street, Apt. 8E, Sutton Area",40.7573837,-73.96145039999999
5208407,"333 RECTOR PLACE, Apt. 606, Battery Park City",40.7096944,-74.0173131
5217150,"1 Central Park South, Apt. 1807, Central Park South",40.7648586,-73.9749154
5187676,"37 WARREN ST, Apt. 7C, Tribeca",40.7142858,-74.0087434
5170658,"1965 Broadway, Apt. 14A, Upper West Side",40.774544,-73.98259399999999
5171204,"203 East 13th Street, Apt. 2AB, East Village",40.7325867,-73.9872809
4672030,"40 Bond Street, Apt. 6D, Greenwich Village",40.7263229,-73.9930244
5193859,"220 East 72nd Street, Apt. 27B, Upper East Side",40.7690254,-73.959718
5220429,"30 West Street, Apt. 17F, Battery Park City",40.7063063,-74.0170784
5217119,"30 PARK PLACE, Apt. 51B, Tribeca",40.7127831,-74.0090321
5217130,"30 PARK PLACE, Apt. 50B, Tribeca",40.7127831,-74.0090321
5136422,"346 Park Ave South, Apt. 4 B/C, Flatiron",40.7417127,-73.9855437
5106061,"1405 Fifth Avenue, Apt. Commercial, East Harlem",0,0
3845640,"1 Central Park South, Apt. 1010, Central Park South",40.7828647,-73.9653551
3839802,"151 East 85th Street, Apt. 8F, Upper East Side",40.7787889,-73.9556509
5191227,"800 Fifth Avenue, Apt. 10C, Upper East Side",40.7656117,-73.9715995
5195440,"148 GREENE ST, Apt. 9, Soho/Nolita",40.7259161,-73.9985876
5219133,"455 West 20th Street, Apt. 2A, Chelsea/Hudson Yards",40.74558589999999,-74.00438369999999
5247626,"360 Furman Street, Apt. 214, Brooklyn Heights",40.6934857,-73.9996652
4295789,"1035 Fifth Avenue, Apt. Easterly O, Upper East Side",40.780604,-73.9608315
5100064,"205 West 76th Street, Apt. 7F, Upper West Side",40.78161559999999,-73.9802945
5139608,"363 Bleecker Street, Apt. Store, West Village",40.7350094,-74.0046595
5218246,"1 Grand Army Plaza, Apt. 7J, Prospect Heights",40.6735587,-73.9684194
5211361,"923 Fifth Avenue, Apt. 2F, Upper East Side",40.7731666,-73.9660128
5222377,"34 North 7th Street, Apt. PH1A, Williamsburg",40.7205817,-73.9623624
5152838,"845 United Nations Plaza, Apt. 63C, Midtown East",40.7525281,-73.9676949
5196120,"187 Vanderbilt Avenue, Apt. 1, Fort Greene",40.692433,-73.969449
5200971,"43 Charles Street, Apt. 3F, West Village",41.11979729999999,-73.37260429999999
5211383,"91 Crosby Street, Apt. 4-FLR, Soho/Nolita",0,0
5225096,"205 East 85th Street, Apt. 17C, Upper East Side",40.7780518,-73.9537742
5119851,"200 East 66th Street, Apt. A1901, Upper East Side",40.7654964,-73.9631442
5221536,"310 East 9th Street, Apt. 3, East Village",40.7288045,-73.98675
5193841,"350 East 79th Street, Apt. 18-B, Upper East Side",40.7722841,-73.953306
5155068,"9 East 62nd Street, Apt. 4TH FLOOR, Upper East Side",40.7659724,-73.9706908
5220918,"166 Perry Street, Apt. 4B, West Village",40.7344647,-74.0093605
5191145,"300 East 56th Street, Apt. 20K, Sutton Area",40.7583629,-73.9651514
5123848,"417 West 246th Street, Riverdale",40.8939538,-73.904378
5215293,"587 3rd Street, Park Slope",40.669285,-73.975404
5232387,"24 East 35th Street, Apt. 2, Murray Hill",40.748016,-73.9819949
5243891,"360 Furman Street, Apt. 326, Brooklyn Heights",40.6934857,-73.9996652
5150927,"181 East 90th Street, Apt. 12A, Upper East Side",40.7816946,-73.9522581
5192988,"30 West Street, Apt. 9F, Battery Park City",40.7063063,-74.0170784
5220716,"34 West 22nd Street, Apt. 5th Fl, Flatiron",40.74143,-73.9920616
3840604,"305 Second Avenue, Apt. 1F, Gramercy",40.73472659999999,-73.9836328
5139597,"232 East 50th Street, Apt. 1, Midtown East",40.75510269999999,-73.969549
5161173,"1 MORTON SQUARE, Apt. 4E WEST, West Village",40.730959,-74.0100329
5192762,"11 East 29th Street, Apt. 46A, Murray Hill",40.7450704,-73.9855674
5229272,"416 3rd Street, Apt. 1, Park Slope",40.6761111,-73.9902778
5240759,"11 East 29th Street, Apt. 44A, Murray Hill",40.7450704,-73.9855674
5140686,"15 West 55th Street, Apt. 5B, Midtown West",40.7622211,-73.97570639999999
5175168,"530 10th Street, Park Slope",40.666343,-73.982579
5204477,"111 WOOSTER ST, Apt. 6C, Soho/Nolita",40.72482720000001,-74.00076890000001
5236008,"259 Bowery, Apt. 5, Lower East Side",40.7232141,-73.99254210000001
5228534,"265 Wythe Avenue, Apt. PH, Williamsburg",0,0
5211349,"91 Crosby Street, Apt. 2-FLR, Soho/Nolita",0,0
5192216,"70 CHARLTON ST, Apt. 11F, Soho/Nolita",40.72699799999999,-74.0063103
5184323,"1 MORTON SQUARE, Apt. 4D EAST, West Village",40.730959,-74.0100329
5178267,"250 East 54th Street, Apt. 37D, Midtown East",40.7573349,-73.9671398
5153087,"43 Charles Street, Apt. 3F, West Village",41.11979729999999,-73.37260429999999
5156042,"260 Garfield Place, Apt. Triplex, Park Slope",0,0
5209221,"170 John Street, Apt. 3/4E, Financial District",40.7059326,-74.00425229999999
5239972,"20 East 68th Street, Apt. 16B, Upper East Side",40.76919609999999,-73.96770839999999
5238762,"205 East 85th Street, Apt. 17U, Upper East Side",40.7780518,-73.9537742
5235640,"624 6th Street, Apt. 1, Park Slope",24.7712579,121.0130405
5236712,"1 West End Avenue, Apt. 17F, Upper West Side",40.7714442,-73.9894047
5193836,"205 East 59th Street, Apt. 703, Upper East Side",40.7615192,-73.9661253
5180125,"200 West 67th Street, Apt. 15G, Upper West Side",40.7755735,-73.9845972
5196149,"225 Fifth Avenue, Apt. 8S, Flatiron",40.7435938,-73.9875777
5177022,"166 West 18th Street, Apt. 8A, Chelsea/Hudson Yards",40.7407499,-73.9976009
5143016,"461 Broome Street, Apt. 4FL, Soho/Nolita",40.7222249,-74.0012177
5173596,"79-81 White Street, Apt. PH6W, Tribeca",40.71750249999999,-74.0024136
5166007,"101 WARREN ST, Apt. 2130, Tribeca",40.7160005,-74.0126088
5167589,"200 East 65th Street, Apt. 20FG, Upper East Side",40.765047,-73.963803
5108345,"12 East 68th Street, Apt. GF, Upper East Side",0,0
4465606,"33 West 56th Street, Apt. 5E, Midtown West",40.763252,-73.9761292
5234662,"1 MORTON SQUARE, Apt. 9-CE, West Village",40.730959,-74.0100329
5239650,"171 West 12th Street, Apt. 4-B, Greenwich Village",40.7369903,-74.0001242
5245440,"255 East 74th Street, Apt. 14B, Upper East Side",40.7703626,-73.9576858
5173508,"25 MURRAY ST, Apt. PH10E, Tribeca",40.71386340000001,-74.00839669999999
5232389,"24 East 35th Street, Apt. 3, Murray Hill",40.748016,-73.9819949
5213641,"7 WORTH ST, Apt. 4W, Tribeca",40.7181917,-74.008153
5181527,"38 West 26th Street, Apt. 7A, Flatiron",40.7442852,-73.9907407
5193829,"245 East 58th Street, Apt. 29-A, Midtown East",40.7602536,-73.9649024
5194756,"529 West 42nd Street, Apt. 1G, Clinton",40.7605199,-73.9967901
5196970,"15 UNION SQUARE WEST, Apt. 2B, Flatiron",40.7358844,-73.99167589999999
5205651,"263 Ninth Avenue, Apt. 9E, Chelsea/Hudson Yards",40.7483505,-74.0003716
5205800,"250 East 53rd Street, Apt. 3002, Midtown East",40.7567573,-73.9675341
5166095,"203 West 90th Street, Apt. 7B, Upper West Side",40.7905988,-73.9733796
5170137,"225 Fifth Avenue, Apt. 2B, Flatiron",40.7435938,-73.9875777
5143449,"403 Clermont Avenue, Apt. TRIPLEX, Fort Greene",0,0
3831683,"200 East 66th Street, Apt. C501, Upper East Side",40.7654964,-73.9631442
5211227,"274 West 12th Street, Apt. PH, West Village",40.7372495,-74.0094396
5214370,"200 East 66th Street, Apt. D701, Upper East Side",40.7654964,-73.9631442
5217388,"236 West 26th Street, Apt. 10NW, Chelsea/Hudson Yards",40.7465086,-73.99598739999999
5210267,"14 East 4th Street, Apt. 813, Greenwich Village",40.7280115,-73.9938714
5189194,"130 West 30th Street, Apt. 6C, Chelsea/Hudson Yards",40.7476862,-73.9911355
5238882,"20 Fifth Avenue, Apt. 6C, Greenwich Village",40.732785,-73.9963495
5165190,"45 East 72nd Street, Apt. 15C, Upper East Side",40.7716775,-73.9645603
5212294,"1080 Madison Avenue, Apt. 14A, Upper East Side",40.7779148,-73.9611663
5219455,"252 Seventh Avenue, Apt. 12G, Chelsea/Hudson Yards",40.7452044,-73.9950839
5168053,"56 LEONARD ST, Apt. 12A EAST, Tribeca",40.7178984,-74.00638289999999
4056676,"70 PINE ST, Apt. PH5703, Financial District",40.7064289,-74.00765679999999
5174396,"8 West 86th Street, Apt. Ground Flo, Upper West Side",0,0
5146509,"115 SOUTH ST, Apt. PH, Financial District",0,0
5141813,"2 River Terrace, Apt. 3S, Battery Park City",40.7155089,-74.01634849999999
5149404,"277 Clermont Avenue, Fort Greene",40.68913149999999,-73.9697661
5149447,"222 Central Park South, Apt. 3, Central Park South",40.7672835,-73.9804221
5191226,"800 Fifth Avenue, Apt. 22B, Upper East Side",40.7656117,-73.9715995
5191336,"126 Waverly Place, Apt. 2E, Greenwich Village",40.73266820000001,-73.9999112
5208061,"111 WOOSTER ST, Apt. 5C, Soho/Nolita",40.72482720000001,-74.00076890000001
5232298,"1 Central Park South, Apt. 608, Central Park South",40.767434,-73.9811782
5234613,"241 West 4th Street, Apt. PFT, West Village",0,0
5191889,"650 West End Avenue, Apt. 10C, Upper West Side",43.0437887,-76.1584324
5163290,"800A Fifth Avenue, Apt. 201, Upper East Side",40.7656199,-73.971605
5181091,"400 East 51st Street, Apt. 18B, Midtown East",40.754198,-73.96556939999999
5203214,"45 CHRISTOPHER ST, Apt. 4B, Greenwich Village",40.7339499,-74.0018111
5229997,"25 MURRAY ST, Apt. 2G, Tribeca",40.71386340000001,-74.00839669999999
5210463,"150 COLUMBUS AVE, Apt. 11F, Upper West Side",40.7740117,-73.98169279999999
5245344,"1 West End Avenue, Apt. 8G, Upper West Side",40.7720223,-73.99058819999999
5220416,"1163 Myrtle Avenue, Apt. STOREFRONT, Bushwick",0,0
5224777,"40 East 94th Street, Apt. 28G, Carnegie Hill",40.7855606,-73.9546989
5231209,"1049 Fifth Avenue, Apt. 6B, Carnegie Hill",40.78138390000001,-73.9605248
5246663,"134 West 26th Street, Apt. 4NE, Chelsea/Hudson Yards",40.7453297,-73.9929523
5173739,"35 Bethune Street, Apt. 5B, West Village",40.7367848,-74.00765670000001
5218087,"304 Lafayette Avenue, Apt. Triplex, Clinton Hill",0,0
5244108,"40 BROAD ST, Apt. PH3F, Financial District",40.7060375,-74.0117772
5169160,"563 7th Street, Apt. 1, Park Slope",33.5874772,-112.0638282
5182467,"270 West 17th Street, Apt. 19C, Chelsea/Hudson Yards",40.7413757,-74.0008702
3801430,"1035 Third Avenue, Apt. D, Upper East Side",40.7629266,-73.96516439999999
5203807,"330 East 38th Street, Apt. 37FG, Murray Hill",40.7462466,-73.9725283
5203631,"425 West W 50TH ST, Apt. 14D, Clinton",40.764356,-73.99013699999999
5206345,"130 West 19th Street, Apt. 5D, Chelsea/Hudson Yards",40.7409309,-73.9962012
5191777,"130 West 19th Street, Apt. 5D, Chelsea/Hudson Yards",40.7409309,-73.9962012
5191233,"800 Fifth Avenue, Apt. 11E, Upper East Side",40.7656117,-73.9715995
5215999,"25 MURRAY ST, Apt. 4J, Tribeca",40.71386340000001,-74.00839669999999
5191220,"160 West 62nd Street, Apt. 22G, Upper West Side",40.7720756,-73.9861447
5183985,"444 West 19th Street, Apt. 305, Chelsea/Hudson Yards",40.7446233,-74.0050629
5205097,"70 Little West Street, Apt. 19G, Battery Park City",40.706965,-74.01695529999999
3836600,"705 Driggs Avenue, Williamsburg",40.7134855,-73.9598649
3488478,"115 East 69th Street, Apt. Part 5th F, Upper East Side",0,0
5163375,"146 West 57th Street, Apt. 34A, Midtown West",40.7648614,-73.9792586
5172388,"272 West 107th Street, Apt. 4D, Upper West Side",40.80178,-73.9673967
5170913,"101 WALL ST, Apt. 20A, Financial District",40.7046828,-74.00728939999999
5171731,"20 West 64th Street, Apt. 26R, Upper West Side",40.7715807,-73.9811807
5134722,"380 RECTOR PLACE, Apt. 23h, Battery Park City",40.70924,-74.0180757
5224984,"331 West 19th Street, Apt. GARDEN, Chelsea/Hudson Yards",40.743539,-74.001368
5238966,"255 East 74th Street, Apt. 5/6E, Upper East Side",40.7703626,-73.9576858
5235255,"721 Fifth Avenue, Apt. 33F, Midtown East",40.76230899999999,-73.9739779
5172730,"30 East 9th Street, Apt. 5G, Greenwich Village",40.73180259999999,-73.9939553
5240050,"282 ELEVENTH AVE, Apt. 3204, Chelsea/Hudson Yards",40.7522422,-74.004166
5171899,"251 West 98th Street, Apt. 4A, Upper West Side",40.7964405,-73.9714719
5205472,"36 DOMINICK ST, Apt. 3, Soho/Nolita",40.7249066,-74.0067997
5186716,"1 Central Park South, Apt. 1508, Central Park South",40.7648586,-73.9749154
5179155,"275 West 96th Street, Apt. 21A, Upper West Side",40.795168,-73.9720177
5128028,"256 West 10th Street, Apt. 5A, West Village",40.734352,-74.00105500000001
5131200,"230 Central Park South, Apt. 2D, Central Park South",40.767434,-73.9811782
3692681,"150 Montague Street, Apt. 2, Brooklyn Heights",40.69433859999999,-73.99330669999999
5237061,"98 Noble Street, Greenpoint",40.7283477,-73.9568194
5238032,"801 Greenwich Street, Apt. 6TH FL, West Village",40.7378627,-74.0062973
5216264,"50 West 29th Street, Apt. 13W, Flatiron",40.7462611,-73.9896677
5211690,"858 Prospect Place, Crown Heights",40.673947,-73.9483
5236926,"2 Columbus Avenue, Apt. 16B, Upper West Side",40.7695424,-73.9850755
4465939,"65 West 13th Street, Apt. 4D, Greenwich Village",40.7366126,-73.9968933
5193828,"525 East 72nd Street, Apt. 24E, Upper East Side",40.7665108,-73.9523273
5206341,"36 DOMINICK ST, Apt. 2, Soho/Nolita",40.7249066,-74.0067997
5193827,"145 East 81st Street, Apt. 2D, Upper East Side",40.7762706,-73.9576239
5183212,"40 West 116th Street, Apt. B1003, Harlem",40.801161,-73.94806559999999
5138431,"120 Riverside Blvd, Apt. PH2D, Upper West Side",40.7764061,-73.98911
919503,"29 Willow Street, Apt. 1R, Brooklyn Heights",40.7003735,-73.9941525
5215854,"515 Broadway, Apt. 2AR, Soho/Nolita",40.7227148,-73.9993678
5215053,"515 Broadway, Apt. 2AF, Soho/Nolita",40.7227148,-73.9993678
5203083,"285 West 110th Street, Apt. 4B, Upper West Side",40.8007357,-73.9584709
5107423,"491 5th Avenue, Apt. Commercial, Park Slope",40.673238,-73.9760859
5240617,"34 Sterling Place, Apt. 1, Park Slope",40.6784581,-73.9776503
5229009,"225 FRONT ST, Apt. 4-W, Financial District",40.7073602,-74.002061
5114707,"111 West 67th Street, Apt. 42C, Upper West Side",40.77469360000001,-73.98134379999999
5193371,"300 East 75th Street, Apt. 30J, Upper East Side",40.7704044,-73.9566176
5197250,"120 West 21st Street, Apt. 1001, Chelsea/Hudson Yards",40.7418641,-73.9948848
5193368,"150 East 44th Street, Apt. 47H, Midtown East",40.7521442,-73.9742299
5180119,"532 9th Street, Apt. 2, Park Slope",40.6652687,-73.9787193
5180227,"117 East 57th Street, Apt. 25H, Midtown East",40.7614822,-73.96982229999999
3720400,"164 West 130th Street, Apt. A, Harlem",40.8117075,-73.94542609999999
3885714,"402 West 20th Street, Apt. #1, Chelsea/Hudson Yards",40.7446577,-74.0032602
5150833,"1082 Fulton Street, Apt. STOREFRONT, Bedford-Stuyvesant",0,0
5160688,"580 Carroll Street, Apt. 5C, Park Slope",40.67572699999999,-73.9830132
5168594,"444 East 57th Street, Apt. 4A, Sutton Area",40.7573837,-73.96145039999999
5226397,"255 East 49th Street, Apt. 18D, Midtown East",40.7545711,-73.969248
5237829,"170 East 77th Street, Apt. 7C, Upper East Side",40.7731158,-73.95913019999999
5237161,"301 West 53rd Street, Apt. 19A, Midtown West",40.7646302,-73.98486609999999
5231619,"100 United Nations Plaza, Apt. 14B, Midtown East",40.7531669,-73.9678483
5247879,"60 8th Avenue, Apt. GRDN, Park Slope",40.673238,-73.9760859
5172539,"446 West 22nd Street, Apt. GARDEN, Chelsea/Hudson Yards",40.7463431,-74.0034628
5126134,"49 North 8th Street, Apt. THD, Williamsburg",40.7208093,-73.9608856
5193360,"201 East 87th Street, Apt. 25R, Upper East Side",40.77963200000001,-73.95284199999999
5193204,"1065 Second Avenue, Apt. 5S, Midtown East",40.7591096,-73.9658766
1497221,"29 Willow Street, Apt. 4L, Brooklyn Heights",40.7003735,-73.9941525
5157021,"1600 Broadway, Apt. 10C, Midtown West",40.7601777,-73.9843051
5186919,"302 West 12th Street, Apt. 10F, West Village",41.2452233,-111.9841361
5197036,"120 West 21st Street, Apt. 801, Chelsea/Hudson Yards",40.7418641,-73.9948848
5193129,"150 East 57th Street, Apt. 23B, Midtown East",40.760421,-73.9686136
5147163,"200 East 94th Street, Apt. 2315, Upper East Side",40.7835297,-73.94990609999999
4457342,"255 East 49th Street, Apt. 15D, Midtown East",40.7545711,-73.969248
5213881,"55 East 86th Street, Apt. 3C, Carnegie Hill",40.7808597,-73.9582116
5220980,"217 FRONT ST, Apt. 4D, Financial District",40.7072745,-74.00224
5192949,"224 West 18th Street, Apt. 4B, Chelsea/Hudson Yards",40.7413857,-73.9992907
5196943,"1485 Fifth Avenue, Apt. 8A, Harlem",40.802754,-73.944423
5197004,"113 ELIZABETH ST, Apt. 4-A, Chinatown",40.7191046,-73.995798
5190885,"389 East 89th Street, Apt. 21D, Upper East Side",40.7791072,-73.94832989999999
5228334,"242 East 25th Street, Apt. 11A, Murray Hill",40.739201,-73.9805238
5196964,"460 West 20th Street, Apt. 5-F, Chelsea/Hudson Yards",40.7454814,-74.00539289999999
3490073,"29 Willow Street, Apt. 2R, Brooklyn Heights",40.7003735,-73.9941525
3644340,"29 Willow Street, Apt. 3R, Brooklyn Heights",40.7003735,-73.9941525
1344921,"29 Willow Street, Apt. 1L, Brooklyn Heights",40.7003735,-73.9941525
5180874,"121 South 4th Street, Apt. Comm Fac, Williamsburg",40.7183411,-73.9632027
5181721,"386 Columbus Avenue, Apt. 4A, Upper West Side",40.7817234,-73.97596949999999
5195009,"535 HUDSON ST, Apt. 2-E, West Village",40.7345844,-74.0063957
5203150,"28 East 10th Street, Apt. 4A, Greenwich Village",40.73241429999999,-73.99364369999999
3407160,"124 Amity Street, Apt. 2, Cobble Hill",40.68901899999999,-73.996341
5138871,"39 East 29th Street, Apt. 11A, Flatiron",40.7444162,-73.98409199999999
5134551,"550 Vanderbilt Avenue, Apt. 630, Prospect Heights",40.6804332,-73.96833800000002
5230737,"349 West 30th Street, Apt. Garden, Chelsea/Hudson Yards",40.7506571,-73.997188
5234553,"250 Riverside Drive, Apt. 53, Upper West Side",40.796579,-73.973664
5237324,"500 Park Avenue, Apt. 17C, Midtown East",40.7629637,-73.9704746
5235282,"215 East 96th Street, Apt. 33C, Upper East Side",40.7847418,-73.9482488
5235825,"161 North 4th Street, Apt. 4D, Williamsburg",40.7156968,-73.95836899999999
5227428,"362 West 119th Street, Apt. 3, Harlem",40.8071356,-73.9563246
5164932,"200 East 94th Street, Apt. 2715, Upper East Side",40.7835297,-73.94990609999999
5206973,"261 West 25th Street, Apt. 1C, Chelsea/Hudson Yards",40.7463974,-73.9967328
5196963,"77 West 24th Street, Apt. 6K, Chelsea/Hudson Yards",40.7435617,-73.9918929
5186572,"1485 Fifth Avenue, Apt. 18C, Harlem",40.802754,-73.944423
5196503,"27-28 Thomson Avenue, Apt. 622, Long Island City",40.7456915,-73.941722
5195237,"59 Grand Street, Apt. 2 FL, Soho/Nolita",40.7220556,-74.0035837
5203827,"420 East 58th Street, Apt. 15B, Sutton Area",40.7584214,-73.9616485
5192706,"380 RECTOR PLACE, Apt. 10A, Battery Park City",40.70924,-74.0180757
5216108,"214 FRONT ST, Apt. 4C, Financial District",40.707451,-74.002642
5204539,"350 West 50th Street, Apt. 29F, Clinton",40.7628948,-73.98807470000001
5169122,"120 Riverside Blvd, Apt. PH2K, Upper West Side",40.7764061,-73.98911
5196944,"200 West 26th Street, Apt. PHC, Chelsea/Hudson Yards",0,0
5238496,"181 HUDSON ST, Apt. 2D, Tribeca",40.7228787,-74.0083025
5247606,"100 Riverside Blvd, Apt. 7P, Upper West Side",40.7757218,-73.9895374
5162774,"50 Lexington Avenue, Apt. 23H, Gramercy",40.7405505,-73.9842812
5202036,"1760 Second Avenue, Apt. 18C, Upper East Side",40.78135229999999,-73.9488393
5221459,"1 Northside Piers, Apt. 4G, Williamsburg",40.7192107,-73.9638958
5218996,"225 Central Park West, Apt. 1018, Upper West Side",40.7830664,-73.9714135
5147409,"575 MAIN ST, Apt. 714, Roosevelt Island",40.762588,-73.9496091
5143840,"407-409 East 70th Street, Apt. 4th Floor, Upper East Side",40.7663842,-73.95621539999999
5159993,"1280 Fifth Avenue, Apt. 15F, Upper East Side",40.7962914,-73.9490493
5229954,"123 WASHINGTON ST, Apt. 30B, Financial District",40.7092191,-74.0137534
5228250,"1 Northside Piers, Apt. 10D, Williamsburg",40.7192107,-73.9638958
5196933,"460 West 20th Street, Apt. PHB, Chelsea/Hudson Yards",0,0
5188118,"283 Hicks Street, Apt. 3B, Brooklyn Heights",40.6928967,-73.9967542
5234501,"160 East 89th Street, Apt. 3A, Upper East Side",40.78090359999999,-73.9534673
5236088,"402 Bergen Street, Apt. duplex, Park Slope",0,0
5241777,"225 Pacific Street, Apt. Commercial, Cobble Hill",0,0
5239310,"613 Baltic Street, Apt. 4E, Park Slope",40.6804514,-73.9805464
5225975,"188 East 64, Apt. 902, Upper East Side",40.764593,-73.964821
5214096,"45 Garfield Place, Park Slope",40.6751861,-73.9826715
5209165,"236 Malcolm X Boulevard, Bedford-Stuyvesant",40.685025,-73.92974199999999
5182320,"426 West 22nd Street, Apt. 2, Chelsea/Hudson Yards",40.7460621,-74.0028226
5189542,"331 West 19th Street, Apt. PARLOR, Chelsea/Hudson Yards",0,0
5195007,"535 HUDSON ST, Apt. 5-A, West Village",40.7345844,-74.0063957
5161156,"1485 Fifth Avenue, Apt. 19C, Harlem",40.802754,-73.944423
5150647,"407 East 12th Street, Apt. 4FNW, East Village",39.099773,-94.5782612
5138980,"2628 Broadway, Apt. 2A, Upper West Side",40.7967953,-73.9697126
5130172,"803 8th Avenue, Apt. Commercial, Park Slope",30.0477083,31.2427214
5169619,"1 Avenue B, Apt. PH-E, East Village",40.7213743,-73.9829466
3890637,"200 East 69th Street, Apt. T1A, Upper East Side",40.7673447,-73.9613766
3898879,"310 East 46th Street, Apt. 14M, Midtown East",40.751859,-73.9698959
5120183,"117 East 57th Street, Apt. 42B, Midtown East",40.7614822,-73.96982229999999
5196773,"155 West 21st Street, Apt. 10-I, Chelsea/Hudson Yards",40.742683,-73.995684
5196748,"160 West 24th Street, Apt. 2-E, Chelsea/Hudson Yards",40.7444883,-73.9949465
5196731,"30 West 18th Street, Apt. 4-C, Flatiron",40.7390497,-73.99354799999999
5204872,"1 West End Avenue, Apt. 17C, Upper West Side",40.7714442,-73.9894047
5194824,"317 Second Avenue, Apt. 10, Gramercy",40.7351984,-73.98323119999999
5174431,"350 West 42nd Street, Apt. 23L, Midtown West",40.7579169,-73.9922148
5159625,"250 East 49th Street, Apt. 19C, Midtown East",40.7543656,-73.9695107
5236078,"199 State Street, Apt. 3C, Brooklyn Heights",40.690258,-73.9911324
5196722,"30 West 18th Street, Apt. 3F, Flatiron",40.7390497,-73.99354799999999
5196721,"101 West 15th Street, Apt. 304, Chelsea/Hudson Yards",40.7383013,-73.9966664
5196720,"95 CHRISTOPHER ST, Apt. 6L, West Village",40.7334252,-74.0046859
5206313,"500 West 43rd Street, Apt. 37D, Clinton",40.760252,-73.99539770000001
5174711,"500A East 87th Street, Apt. 4E, Upper East Side",40.7763416,-73.9464907
5175867,"189 AVENUE C, Apt. 7B, East Village",40.7250535,-73.98141439999999
5231402,"25 Minetta Street, Apt. 2B, Greenwich Village",40.73013230000001,-74.0009833
5099190,"411 East 53rd Street, Apt. 10D, Sutton Area",40.7557336,-73.964248
5198511,"338 East 78th Street, Apt. 5R, Upper East Side",40.7719104,-73.9542809
5196719,"100 Jane Street, Apt. 9-R, West Village",40.738011,-74.0085526
5196718,"101 West 15th Street, Apt. 105, Chelsea/Hudson Yards",40.7383013,-73.9966664
5186647,"161 Henry Street, Apt. 2C, Brooklyn Heights",40.6956666,-73.9936851
3837197,"1600 Broadway, Apt. 7A, Midtown West",40.7601777,-73.9843051
5238923,"45 Garfield Place, Park Slope",40.6751861,-73.9826715
5196709,"95 CHRISTOPHER ST, Apt. 11-J, West Village",40.7334252,-74.0046859
5196710,"37 West 21st Street, Apt. 1305, Flatiron",40.74118230000001,-73.9923165
4499397,"200 Water Street, Apt. 1814, Financial District",40.707232,-74.0047606
5196695,"95 CHRISTOPHER ST, Apt. 7J, West Village",40.7334252,-74.0046859
5196696,"95 CHRISTOPHER ST, Apt. 9J, West Village",40.7334252,-74.0046859
5196698,"95 CHRISTOPHER ST, Apt. 2G, West Village",40.7334252,-74.0046859
5205060,"235 West End Avenue, Apt. 4F, Upper West Side",40.7790765,-73.9852865
5194822,"301 East 21st Street, Apt. 2-C, Gramercy",40.7366042,-73.9814134
5220412,"1161 Myrtle Avenue, Apt. STOREFRONT, Bushwick",0,0
5227928,"260 Park Ave South, Apt. 4K, Flatiron",40.7388584,-73.9877278
5194851,"666 Greenwich Street, Apt. 306, West Village",40.73206320000001,-74.0079593
5196687,"95 CHRISTOPHER ST, Apt. 5L, West Village",40.7334252,-74.0046859
5201415,"458 5th Avenue, Apt. 4C, Park Slope",40.6687917,-73.9868738
5203107,"686 Grand Street, Apt. 3A, Williamsburg",40.711256,-73.945058
5203656,"215 East 24th Street, Apt. 603, Gramercy",40.7392342,-73.9815545
5178077,"303 3rd Avenue, Apt. Retail, Gowanus",0,0
5076097,"273 Union Street, Apt. 2, Carroll Gardens",40.6829206,-73.9969481
5125138,"30 Bayard Street, Apt. 7C, Williamsburg",40.7188707,-73.9513968
2004216,"29 Willow Street, Apt. 4R, Brooklyn Heights",40.7003735,-73.9941525
2035498,"29 Willow Street, Apt. 5L, Brooklyn Heights",40.7003735,-73.9941525
2103763,"29 Willow Street, Apt. 2L, Brooklyn Heights",40.7003735,-73.9941525
5131199,"133 Water Street, Apt. 4A, DUMBO/Vinegar Hill",40.7033149,-73.9890273
5238909,"35 Underhill Avenue, Apt. A-2E, Prospect Heights",40.6799095,-73.9646957
5243888,"110 Livingston Street, Apt. 7U, Brooklyn Heights",40.6909831,-73.9899258
5245741,"255 Eastern Parkway, Apt. F16, Prospect Heights",40.6711208,-73.9597971
5232538,"641 Fifth Avenue, Apt. 35F, Midtown East",40.759071,-73.975954
5235938,"48 Duffield Street, Apt. 3, Downtown Brooklyn",40.6969329,-73.98425519999999
5225547,"133 Sterling Place, Apt. 1A, Park Slope",40.6774031,-73.9740784
4264671,"358 Dean Street, Apt. 1, Park Slope",40.6831819,-73.97979339999999
5202948,"254 Park Ave South, Apt. 11P, Flatiron",40.7386299,-73.9879489
5238989,"60 Broadway, Apt. 6G, Williamsburg",40.7103177,-73.9663501
5238503,"215 East 96th Street, Apt. 29A, Upper East Side",40.7847418,-73.9482488
5229919,"23 Waverly Place, Apt. 4P, Greenwich Village",40.7304294,-73.9943766
3712454,"388 clinton avenue, Apt. 1, Clinton Hill",40.686695,-73.9679139
5166460,"46-30 Center Boulevard, Apt. 508, Long Island City",40.7448135,-73.9579043
5198474,"150 NASSAU ST, Apt. 7H, Financial District",40.711401,-74.0058907
5210147,"415 MAIN ST, Apt. 14F, Roosevelt Island",40.7582539,-73.9536042
5206693,"100 Atlantic Avenue, Apt. 4C, Brooklyn Heights",40.6906502,-73.9967582
5198291,"24 HENRY ST, Apt. 6, Lower East Side",40.7126867,-73.9966529
5212848,"1 IRVING PLACE, Apt. P18B, Gramercy",40.7339575,-73.988787
5225560,"200 East 66th Street, Apt. A3-02, Upper East Side",40.7654964,-73.9631442
5234762,"1 Christopher Street, Apt. 4A, Greenwich Village",40.7341766,-74.00000399999999
5225532,"515 8th avenue, Apt. 3, Park Slope",40.667613,-73.977282
5199901,"235 East 40th Street, Apt. 31A, Murray Hill",40.7491571,-73.973637
5179377,"311 Garfield Place, Apt. 1, Park Slope",40.670731,-73.973221
5183862,"14 Hope Street, Apt. 4B, Williamsburg",40.713721,-73.9572692
5175685,"2110 FREDERICK DOUGLASS B, Apt. 4B, Harlem",40.8030984,-73.9559736
5143984,"304 East 65th Street, Apt. 26B, Upper East Side",40.7641367,-73.96145
5158403,"200 East 61st Street, Apt. 36D, Upper East Side",40.7625289,-73.9654889
3868540,"16 East 63rd Street, Apt. 3, Upper East Side",40.7661299,-73.97028
5105915,"202 East 22nd Street, Apt. 3F, Gramercy",40.7380887,-73.9834181
5204616,"225 East 58th Street, Apt. 4A, Midtown East",40.7606021,-73.9656559
5202035,"437 Prospect Place, Apt. 3, Prospect Heights",40.6763801,-73.9616801
5196371,"125 North 10th Street, Apt. N2D, Williamsburg",40.72020029999999,-73.95671209999999
5180171,"686 Grand Street, Apt. 2, Williamsburg",40.711256,-73.945058
4672033,"330 East 75th Street, Apt. 7G, Upper East Side",40.7697707,-73.9549916
5164671,"335 Calyer Street, Apt. 2, Greenpoint",40.7305474,-73.94659349999999
5191351,"85 Adams Street, Apt. 7D, DUMBO/Vinegar Hill",40.7017501,-73.9883316
5246416,"133 Jackson Street, Apt. 4B, Williamsburg",40.716754,-73.945835
5234524,"57 READE ST, Apt. 5D, Tribeca",40.7148523,-74.00643649999999
5218957,"269 8th Street, Apt. 4R, Park Slope",40.6695224,-73.9760785
5211183,"30 West 18th Street, Apt. 14-A, Flatiron",40.7390497,-73.99354799999999
5194821,"336 East 18th Street, Apt. A4, Gramercy",40.73401,-73.981655
5239718,"80 Lefferts Place, Apt. 2A, Clinton Hill",40.6809699,-73.9604083
5240162,"180 Adelphi Street, Apt. 2, Fort Greene",40.692207,-73.971971
5244588,"40 West 116th Street, Apt. B904, Harlem",40.801161,-73.94806559999999
5230831,"350 West 42nd Street, Apt. 36A, Midtown West",40.7579169,-73.9922148
5235632,"164 Ainslie Street, Apt. Rear house, Williamsburg",0,0
5236668,"458 5th Avenue, Apt. 4B, Park Slope",40.6687525,-73.98685979999999
5211434,"104 Green Street, Apt. 1, Greenpoint",40.7332871,-73.95734519999999
5211981,"101 Putnam Avenue, Apt. 3, Bedford-Stuyvesant",40.6832924,-73.9577723
5221464,"30 Pilling Street, Apt. 1, Bushwick",40.68301599999999,-73.90813
5224104,"303 East 5th Street, Kensington",40.645106,-73.9755905
5226745,"110 East 87th Street, Apt. 6A, Carnegie Hill",40.7804161,-73.9561652
5229545,"146 8th Street, Apt. 2, Gowanus",40.6721082,-73.9910185
5191685,"111 Morton Street, Apt. 1B, West Village",40.73132349999999,-74.009608
5186590,"407 7th Avenue, Apt. ground, Park Slope",0,0
5199963,"45 East 25th Street, Apt. 25A, Flatiron",40.7419959,-73.9863166
5201407,"458 5th Avenue, Apt. 2B, Park Slope",40.6687917,-73.9868738
5201828,"1080 Madison Avenue, Apt. 7B, Upper East Side",40.7779148,-73.9611663
5166325,"630 First Avenue, Apt. 15E, Murray Hill",40.7451634,-73.972515
5145475,"578 MYRTLE Avenue, Apt. S, Clinton Hill",40.6938191,-73.9614184
5129149,"657 Flatbush Avenue, Apt. 1 Fl, Lefferts Gardens",40.6573999,-73.9600215
3894240,"377 Park Place, Prospect Heights",40.6761844,-73.965296
3796093,"1173 Bedford Avenue, Bedford-Stuyvesant",40.6832974,-73.9536675
5196995,"175 West 12th Street, Apt. 2J, Greenwich Village",40.7373682,-74.0001966
5229021,"20 Prince Street, Apt. 39, Soho/Nolita",40.722619,-73.994547
5226816,"385 First Avenue, Apt. 2H, Gramercy",40.7367873,-73.9790282
5211683,"620 West 42nd Street, Apt. N-43B, Clinton",40.7605599,-73.99905249999999
5188851,"22 East 66th Street, Apt. 3, Upper East Side",40.7679532,-73.96877529999999
5183489,"45 East 25th Street, Apt. 15B, Flatiron",40.7419959,-73.9863166
5226820,"51 Bank Street, Apt. 4, West Village",51.0126333,4.4395023
5238341,"247 West 46th Street, Apt. 1404, Midtown West",40.7597213,-73.9874837
5191251,"1930 Broadway, Apt. 6O, Upper West Side",40.772445,-73.9816427
5240990,"20 Pine Street, Apt. 710, Financial District",40.7077299,-74.0097299
5229003,"36 PECK SLIP, Apt. 2-B, Financial District",40.7075433,-74.0016978
5210444,"123 WASHINGTON ST, Apt. 46F, Financial District",40.7092191,-74.0137534
5194368,"800 Sixth Avenue, Apt. 11D, Chelsea/Hudson Yards",40.7455085,-73.9905429
5194367,"77 West 24th Street, Apt. 8-F, Chelsea/Hudson Yards",40.7435617,-73.9918929
5194343,"777 Sixth Avenue, Apt. 4-F, Chelsea/Hudson Yards",40.7452245,-73.9914984
5194358,"800 Sixth Avenue, Apt. 12-D, Chelsea/Hudson Yards",40.7455085,-73.9905429
5188351,"214 North 11th Street, Apt. 5Q, Williamsburg",40.7186093,-73.95352129999999
5199210,"121 West 88th Street, Apt. 1, Upper West Side",40.7884037,-73.9721297
3866015,"100 AVENUE A, Apt. 4E, East Village",40.751357,-73.97895989999999
5161581,"325 Lexington Avenue, Apt. 27D, Midtown East",40.7491949,-73.97735159999999
5222373,"182-184 East 2nd Street, Apt. 6F, East Village",34.0503454,-118.2434732
5194340,"885 Sixth Avenue, Apt. 15-E, Chelsea/Hudson Yards",40.7483602,-73.9890844
5194192,"777 Sixth Avenue, Apt. 4G, Chelsea/Hudson Yards",40.7452245,-73.9914984
5192057,"358 8th Street, Apt. 1, Park Slope",40.6688379,-73.9766549
5205512,"247 West 46th Street, Apt. 306, Midtown West",40.7597213,-73.9874837
5175936,"122 Adelphi Street, Apt. 5A, Fort Greene",40.693996,-73.972331
5226723,"40 BROAD ST, Apt. 21A, Financial District",40.7060375,-74.0117772
5227417,"58 Second Avenue, Apt. 2, East Village",40.7256536,-73.98939800000001
5244807,"25 Sutton Place South, Apt. 18D, Sutton Area",40.7562811,-73.9610297
5232596,"365 Bridge Street, Apt. 11G, Downtown Brooklyn",40.6925712,-73.98498409999999
5229412,"161 West 61st Street, Apt. 18/19A, Upper West Side",40.7715251,-73.98586619999999
5213989,"560 State Street, Apt. 2A, Boerum Hill",40.6851466,-73.9786386
5218266,"620 Union Street, Apt. 4A, Gowanus",40.6774341,-73.98343799999999
5170395,"15 WILLIAM ST, Apt. 21B, Financial District",40.7052066,-74.01032889999999
5149407,"80 LEONARD ST, Apt. 5G, Tribeca",40.7171762,-74.0051431
3885635,"1648 Second Avenue, Apt. 4, Upper East Side",40.7774408,-73.951729
3461569,"1648 Second Avenue, Apt. 3N, Upper East Side",40.7774408,-73.951729
5124586,"150 Myrtle Avenue, Apt. 1506, Downtown Brooklyn",40.6931151,-73.98276419999999
5197616,"20 West Street, Apt. 5G, Financial District",40.7062159,-74.01569719999999
5194188,"282 ELEVENTH AVE, Apt. 716, Chelsea/Hudson Yards",40.7522422,-74.004166
5184057,"586 Pacific Street, Apt. 3A, Park Slope",40.6831541,-73.9776357
5181400,"84 Chauncey street, Apt. 1S, Bedford-Stuyvesant",40.680001,-73.930763
3713257,"641 ST JOHNS PLACE, Apt. 1, Crown Heights",40.672498,-73.956785
5210270,"220 FRONT ST, Apt. 5-B, Financial District",40.707572,-74.00242779999999
5230965,"547 1st Street, Apt. GARDEN, Park Slope",30.1207584,31.3027006
5142568,"110 South Elliott Place, Apt. Garden, Fort Greene",0,0
5190368,"247 West 46th Street, Apt. 606, Midtown West",40.7597213,-73.9874837
5194168,"282 ELEVENTH AVE, Apt. 1106, Chelsea/Hudson Yards",40.7522422,-74.004166
4707325,"123 WASHINGTON ST, Apt. 30H, Financial District",40.7092191,-74.0137534
5180041,"100 Atlantic Avenue, Apt. 1B, Brooklyn Heights",40.6906502,-73.9967582
5194166,"282 ELEVENTH AVE, Apt. 603, Chelsea/Hudson Yards",40.7522422,-74.004166
5194163,"282 ELEVENTH AVE, Apt. 1120, Chelsea/Hudson Yards",40.7522422,-74.004166
5194156,"282 ELEVENTH AVE, Apt. 303, Chelsea/Hudson Yards",40.7522422,-74.004166
5194150,"282 ELEVENTH AVE, Apt. 1720, Chelsea/Hudson Yards",40.7522422,-74.004166
5192807,"20 West 64th Street, Apt. 36S, Upper West Side",40.7715807,-73.9811807
5176867,"1 IRVING PLACE, Apt. G7H, Gramercy",40.7339575,-73.988787
5198072,"36 West 85th Street, Apt. 3, Upper West Side",40.7849778,-73.97117790000001
5200480,"458 5th Avenue, Apt. 2A, Park Slope",40.6687917,-73.9868738
5204828,"203 East 72nd Street, Apt. med, Upper East Side",40.7696868,-73.960081
5202482,"215 East 96th Street, Apt. 37G, Upper East Side",40.7847418,-73.9482488
5065926,"3324 Church Avenue, Apt. Storefront, East Flatbush",0,0
5158368,"415 East 37th Street, Apt. 30D, Murray Hill",40.7454442,-73.9715314
5230888,"68 Stanhope Street, Apt. 2, Bushwick",40.6962147,-73.9246653
5237190,"352 West 123 ST., Apt. PH, Harlem",0,0
5235603,"18 NORTH MOORE, Apt. 3R, Tribeca",40.719624,-74.00714099999999
5247664,"60 AVENUE C, Apt. 4A, East Village",40.7541974,-73.9767147
5240792,"475 Sterling Place, Apt. 2D, Crown Heights",40.6746108,-73.9623582
5240055,"400 East 70th Street, Apt. 1906, Upper East Side",40.7661506,-73.9568006
5238555,"458 5th Avenue, Apt. 4A, Park Slope",40.6687917,-73.9868738
5238340,"380 4th Street, Apt. 4, Park Slope",40.6727655,-73.9869865
5222048,"477 Classon Avenue, Apt. 2A, Bedford-Stuyvesant",40.6842233,-73.9588468
5221928,"211 West 106th Street, Apt. 6E, Upper West Side",40.8010641,-73.96650679999999
5215931,"40 BROAD ST, Apt. 11D, Financial District",40.7060375,-74.0117772
5241547,"91 1st Place, Apt. 3, Carroll Gardens",40.6807217,-73.9974541
5244879,"92 Butler Street, Apt. 1, Boerum Hill",40.68355830000001,-73.9910579
5237825,"40 BROAD ST, Apt. 28G, Financial District",40.7060375,-74.0117772
5165553,"225 Central Park West, Apt. 1410, Upper West Side",40.7830664,-73.9714135
5199392,"300 West 53rd Street, Apt. 1J, Midtown West",40.7641487,-73.985243
5198138,"57 West 58th Street, Apt. 4E, Midtown West",40.76500850000001,-73.9761481
5197204,"106 West 117th Street, Apt. 6J, Harlem",40.8026776,-73.9496943
5171542,"100 Central Park South, Apt. 2D, Central Park South",40.7655148,-73.976551
5168254,"400 East 70th Street, Apt. 2201, Upper East Side",40.7661506,-73.9568006
3949610,"265 Van Brunt Street, Apt. 3C, Red Hook",40.6796114,-74.010058
5195602,"171 East 84th Street, Apt. 11H, Upper East Side",40.7778496,-73.9553043
5238155,"643 Warren Street, Apt. 2, Park Slope",40.68072919999999,-73.9786855
5216391,"314 East 41st Street, Apt. 801B, Murray Hill",40.748736,-73.971999
5224630,"150 West 51st Street, Apt. 1226, Midtown West",40.7614321,-73.9825389
5229852,"495 Pacific Street, Apt. 1, Boerum Hill",40.6849766,-73.981421
5235926,"48 Duffield Street, Apt. 2, Downtown Brooklyn",40.6969329,-73.98425519999999
5243817,"717 President Street, Apt. 2, Park Slope",40.6752137,-73.9789662
5181462,"257 West 117th Street, Apt. 3D, Harlem",40.8048715,-73.9537086
5194779,"84 Chauncey street, Apt. 3S, Bedford-Stuyvesant",40.680001,-73.930763
4672301,"7020 Ridge Court, Bay Ridge",43.2435884,-78.65092039999999
3844704,"40 East 75th Street, Apt. 1A, Upper East Side",40.7730975,-73.9634718
5173608,"300 East 64th Street, Apt. 6D, Upper East Side",40.7634372,-73.96171799999999
5245124,"815 Carroll Street, Apt. 4R, Park Slope",40.6721846,-73.9731879
5246506,"480 Humboldt Street, Apt. 10B, Williamsburg",40.7186688,-73.9430624
5236769,"70 Berry Street, Apt. 6D, Williamsburg",40.7203458,-73.957668
5228518,"18 NORTH MOORE ST, Apt. 2R, Tribeca",40.719624,-74.00714099999999
5227964,"919 Lafayette Avenue, Apt. 2, Bedford-Stuyvesant",40.6918999,-73.935649
5187827," Waverly Place, Apt. 2, Greenwich Village",40.7295992,-73.9932781
5227886,"94 AVENUE C, Apt. 1, East Village",40.7505978,-73.9789047
5216276,"150 Joralemon Street, Apt. 2A, Brooklyn Heights",40.6926044,-73.9934742
5213915,"121 Bank Street, Apt. 1-J, West Village",29.7296808,-95.40400729999999
5232561,"53 Boerum Place, Apt. 4B, Downtown Brooklyn",40.6897767,-73.98959570000001
5240160,"928 Pacific Street, Apt. 1, Crown Heights",40.6797759,-73.9628022
5231765,"230 Riverside Drive, Apt. 19E, Upper West Side",40.795468,-73.97529899999999
5241608,"201 Dean Street, Apt. PARLOUR, Boerum Hill",0,0
5241712,"225 Sterling Place, Apt. 4G, Prospect Heights",40.6763421,-73.97024619999999
5213860,"161 East 81st Street, Apt. 4E, Upper East Side",40.7760867,-73.9569655
5208302,"100 North 3rd Street, Apt. GRDN 1A, Williamsburg",0,0
5222665,"185 WEST HOUSTON ST, Apt. 5C, Soho/Nolita",40.7282578,-74.0035229
5188885,"352 6th Avenue, Apt. 4, Park Slope",24.7712579,121.0130405
5170929,"350 West 57th Street, Apt. 15G, Midtown West",40.767514,-73.9852421
5127986,"210 West 19th Street, Apt. 5H, Chelsea/Hudson Yards",40.7417518,-73.9981875
5174459,"121 Pacific Street, Apt. A2F, Cobble Hill",40.6899527,-73.995816
5192031,"14 East 2nd Street, Apt. PARLOR, East Village",35.7472162,-81.3354075
5195464,"2142 Fulton Street, Apt. STOREFRONT, Bedford-Stuyvesant",0,0
5195040,"160 Madison Avenue, Apt. 37H, Murray Hill",40.7470085,-73.983932
5225570,"211 East 18th Street, Apt. 5R, Gramercy",40.7353168,-73.9842544
5211451,"177 82nd Street, Apt. 2, Bay Ridge",40.6274616,-74.03344969999999
5237849,"403 12th Street, Apt. 4, Park Slope",40.6653698,-73.9832808
5130921,"101 Waverly Avenue, Apt. 2, Fort Greene",40.694743,-73.967854
4672043,"39 Jane Street, Apt. 3A, West Village",40.73832230000001,-74.00448709999999
5213995,"269 West 12th Street, Apt. 2-1, West Village",41.2439792,-111.9830691
5229019,"232 ELIZABETH ST, Apt. 4C, Soho/Nolita",40.7231098,-73.9940033
5208360,"515 East 72nd Street, Apt. 15D, Upper East Side",40.7666261,-73.9528235
5245589,"882 Metropolitan Avenue, Apt. 4PH, Williamsburg",40.7146243,-73.93953789999999
5226412,"255 East 49th Street, Apt. 6B, Midtown East",40.7545711,-73.969248
5226388,"255 East 49th Street, Apt. 15A, Midtown East",40.7545711,-73.969248
5190906,"118 West 112th Street, Apt. 3B, Harlem",40.7998234,-73.9529428
5181244,"444 East 58th Street, Apt. 3D, Sutton Area",40.75818719999999,-73.96075069999999
5197641,"251 South 3rd Street, Apt. 3A, Williamsburg",40.710927,-73.957149
5206015,"79 Bridge Street, Apt. 3I, DUMBO/Vinegar Hill",40.70192850000001,-73.9847291
5206936,"175 Willoughby Street, Apt. 5H, Fort Greene",40.69232,-73.98112300000001
3805975,"310 West 120th Street, Apt. 3K, Harlem",40.8071479,-73.95437059999999
5174280,"35-16 Astoria Boulevard S, Apt. 5C, Astoria",40.7693768,-73.91419309999999
5213880,"270 West 17th Street, Apt. 3H, Chelsea/Hudson Yards",40.7413757,-74.0008702
5214876,"123 WASHINGTON ST, Apt. 30E, Financial District",40.7092191,-74.0137534
5215478,"120 Riverside Blvd, Apt. 15J, Upper West Side",40.7764061,-73.98911
5219513,"157 LUDLOW ST, Apt. 3F, Lower East Side",40.7210004,-73.988132
5244165,"123 WASHINGTON ST, Apt. 30C, Financial District",40.7092191,-74.0137534
5235601,"206 Thompson Street, Apt. 15, Greenwich Village",40.7286137,-73.99932439999999
3863240,"91 Ryerson Street, Apt. 3, Clinton Hill",40.6949368,-73.9650548
5234265,"100 Jay Street, Apt. 17E, DUMBO/Vinegar Hill",40.7022837,-73.986935
5245507,"719 Dean Street, Apt. 3R, Prospect Heights",40.6800729,-73.9662419
5246612,"300 East 40th Street, Apt. 7M, Murray Hill",40.7479792,-73.9728327
5238998,"290 CONVENT AVE, Apt. #B, Hamilton Heights",40.82256,-73.948109
5215969,"312 Saint James Place, Apt. 1B, Clinton Hill",40.6811988,-73.963523
5226665,"88 Greenwich Street, Apt. 1908, Financial District",40.7077056,-74.01388159999999
5135294,"220 Riverside Blvd, Apt. 18B, Upper West Side",40.779714,-73.9873862
5148286," 3rd Street, Apt. 3b, Park Slope",40.67017190000001,-73.9772102
5158685,"152 East 89th Street, Apt. PH-top2flo, Upper East Side",0,0
5160382,"200 Riverside Blvd, Apt. 16H, Upper West Side",40.7789994,-73.9879835
3880013,"353 West 56th Street, Apt. 7B, Midtown West",40.767207,-73.985702
3891517,"195 South Portland Avenu, Apt. 1, Fort Greene",40.6836813,-73.9736522
3721182,"1444 Dekalb Avenue, Bushwick",40.7006788,-73.9225015
3689917,"200 Central Park South, Apt. 201, Central Park South",40.767434,-73.9811782
3679028,"1945 Broadway, Bushwick",40.6797046,-73.90443580000002
3683794,"4112 5th Avenue, Apt. Store, Sunset Park",40.6455381,-74.0102302
3923885,"182 Ralph Avenue, Bedford-Stuyvesant",40.6835934,-73.9229958
4264433,"767 Crown Street, Apt. GRND FL, Crown Heights",0,0
5114009,"313 West 143rd Street, Apt. 1B, Harlem",40.822009,-73.94322
5206422,"110 East 57th Street, Apt. 7F, Midtown East",40.761074,-73.970227
5190516,"130 West 67th Street, Apt. 15H, Upper West Side",40.7748435,-73.98315219999999
5227713,"156 Broadway, Apt. 3B, Williamsburg",40.70993,-73.96312999999999
5228620,"225 East 57th Street, Apt. 14A, Midtown East",40.7600805,-73.966471
5225899,"310 West 106th Street, Apt. 3E, Upper West Side",40.8017626,-73.9695309
5222760,"337 Clinton Street, Apt. 3, Brooklyn Heights",40.6849715,-73.9966893
5214845,"212 East 47th Street, Apt. 10D, Midtown East",40.7535354,-73.9715708
5208306,"170 West 23rd Street, Apt. 5B, Chelsea/Hudson Yards",40.7436585,-73.9953177
5210215,"25 West 83rd Street, Apt. 2F, Upper West Side",40.78401239999999,-73.9718749
5239166,"106 Engert Avenue, Apt. 2 FL, Greenpoint",40.7211406,-73.9473697
5240058,"114 Rogers Avenue, Apt. Comm 1, Crown Heights",0,0
5233057,"48-21 5th Street, Apt. 4H, Long Island City",40.7439919,-73.95598989999999
5232600,"1965 Broadway, Apt. 9J, Upper West Side",40.774544,-73.98259399999999
5235631,"253 West 73rd Street, Apt. 4A, Upper West Side",40.780247,-73.98277879999999
5237679,"350 West 14th Street, Apt. 3A, West Village",40.7405174,-74.00490549999999
5238278,"26 Broadway, Apt. 304, Williamsburg",40.7105383,-73.9678766
5236181,"20 West Street, Apt. 5C, Financial District",40.7062159,-74.01569719999999
5214979,"307 West 82nd Street, Apt. 3B, Upper West Side",40.7866799,-73.9801157
5222664,"481 Prospect Place, Apt. 1B, Prospect Heights",40.6760474,-73.960396
5225908,"389 East 89th Street, Apt. 6F, Upper East Side",40.7791072,-73.94832989999999
5225886,"11 VARICK ST, Apt. 4S, Tribeca",40.7195698,-74.00705889999999
5227388,"299 West 12th Street, Apt. 7H, West Village",40.7377431,-74.0052925
4499381,"200 Water Street, Apt. 2018, Financial District",40.707232,-74.0047606
4499394,"200 Water Street, Apt. 2116, Financial District",40.707232,-74.0047606
3851165,"1685 Prospect Place, Apt. 1, Crown Heights",40.672972,-73.920615
5143483,"231 Norman Avenue, Apt. 508, Greenpoint",40.7277648,-73.9445535
5178240,"965 Kent Avenue, Apt. 1, Clinton Hill",40.6910471,-73.95854229999999
5197658,"2-17 51st Avenue, Apt. 308, Long Island City",40.7428814,-73.9578406
5219487,"33 Madison Street, Apt. 1B, Clinton Hill",40.6838911,-73.95776459999999
5236828,"35 East 38th Street, Apt. 8E, Murray Hill",40.7500427,-73.9800281
5234695,"350 West 50th Street, Apt. 5F, Clinton",40.7628948,-73.98807470000001
5240063,"344 De Graw Street, Apt. 3A, Cobble Hill",40.6829898,-73.9937862
5241921,"594 19th Street, Apt. 2, Windsor Terrace",40.65445,-73.97947599999999
5238886,"362 Eastern Parkway, Apt. 4C, Crown Heights",40.6702536,-73.9566102
5246942,"71 Tehama Street, Apt. 2, Kensington",40.64402460000001,-73.9827701
5244203,"10-31 48th Avenue, Apt. 1, Long Island City",40.744067,-73.9523169
5244212,"10-31 48th Avenue, Apt. 2, Long Island City",40.744067,-73.9523169
5241716,"260 Sherman Street, Apt. 2, Windsor Terrace",40.6525572,-73.974306
5243793,"269 West 12th Street, Apt. 4-2, West Village",41.2439792,-111.9830691
5229020,"221 MOTT ST, Apt. 7, Soho/Nolita",40.7222433,-73.9952232
5224780,"36 Jewel Street, Apt. 2, Greenpoint",40.7266187,-73.9462544
5225936,"330 East 49th Street, Apt. 7J, Midtown East",40.7536955,-73.967654
5220660,"1263 Pacific Street, Apt. 1, Crown Heights",40.6779091,-73.9506897
5244030,"266 New York Avenue, Apt. 1, Crown Heights",40.6711667,-73.9478808
5239826,"382 Central Park West, Apt. 14H, Upper West Side",40.79355,-73.9656471
5235007,"361 Saint Marks Avenue, Apt. 3, Prospect Heights",40.6775179,-73.96286909999999
5231392,"294 Ainslie Street, Apt. 4F, Williamsburg",40.7131573,-73.94195169999999
5233740,"1385 Decatur Street, Apt. 2, Bushwick",40.692801,-73.90389069999999
5225006,"275 West 96th Street, Apt. 6L, Upper West Side",40.795168,-73.9720177
5225165,"402 East 12th Street, Apt. 5, East Village",39.099781,-94.5784984
5228754,"167 West 72nd Street, Apt. 3R, Upper West Side",40.7786052,-73.9809119
5227844,"230 East 79th Street, Apt. 10E, Upper East Side",40.7735416,-73.9561494
5227860,"230 East 79th Street, Apt. 3E, Upper East Side",40.7735416,-73.9561494
5219718,"200 RECTOR PLACE, Apt. 8D, Battery Park City",40.7082636,-74.0164879
5211409,"218 Myrtle Avenue, Apt. 7E, Fort Greene",40.6933053,-73.9795956
5230004,"266 West 22nd Street, Apt. 2, Chelsea/Hudson Yards",40.7444335,-73.9985118
5230161,"470 West 24th Street, Apt. 11F, Chelsea/Hudson Yards",40.74807070000001,-74.00345349999999
5225558,"139 West 82nd Street, Apt. 5D, Upper West Side",40.78483809999999,-73.97581579999999
5245329,"61-56 Gates Avenue, Apt. 2, Ridgewood",40.7093429,-73.89633599999999
5202744,"46 Wilson Avenue, Apt. 4, Bushwick",40.70261,-73.929513
5158673,"215 East 24th Street, Apt. 301, Gramercy",40.7392342,-73.9815545
3294686,"235 Adams Street, Apt. 14A, Brooklyn Heights",40.6965499,-73.98829289999999
5223735,"180 Myrtle Avenue, Apt. 9H, Fort Greene",40.6931772,-73.9803323
5222635,"81 Fleet Place, Apt. 5F, Fort Greene",40.693154,-73.981408
5225095,"304 Tompkins Avenue, Apt. 1, Bedford-Stuyvesant",40.6874269,-73.94495739999999
5230076,"110 Livingston Street, Apt. 8M, Brooklyn Heights",40.6909831,-73.9899258
5228802,"543 East 6th Street, Apt. 5R, East Village",40.7376974,-73.9965935
5227449,"512 Eastern Parkway, Apt. 4, Prospect Heights",40.6694168,-73.951672
5212735,"150 Myrtle Avenue, Apt. 2607, Downtown Brooklyn",40.6931151,-73.98276419999999
5219657,"3 SHERIDAN SQ, Apt. 4N, Greenwich Village",40.7328654,-74.0026261
5247783,"399 1st Street, Apt. 2, Park Slope",34.0491187,-118.2387039
5244836,"378 Bond Street, Apt. Garden, Carroll Gardens",40.677975,-73.991255
5239750,"28 Perry Street, Apt. BW, West Village",0,0
5239028,"7 West 82nd Street, Apt. 4, Upper West Side",40.78315,-73.9717673
5233717,"679 Saint Marks Avenue, Apt. 2, Crown Heights",40.675484,-73.95049200000001
5234564,"230 Riverside Drive, Apt. 4K, Upper West Side",40.795468,-73.97529899999999
5234820,"200 RECTOR PLACE, Apt. 19K, Battery Park City",40.7082636,-74.0164879
5236182,"525 Halsey Street, Apt. 1, Bedford-Stuyvesant",40.6840679,-73.9317481
5238157,"44 Hicks Street, Apt. 5, Brooklyn Heights",40.7006934,-73.993448
3844863,"250 West 90th Street, Apt. 6B, Upper West Side",40.7908259,-73.9749494
5155628,"479 Decatur Street, Apt. DUPLEX, Bedford-Stuyvesant",40.682714,-73.924149
5162142,"55 WALL ST, Apt. 614, Financial District",40.7060794,-74.0093213
5163431,"34 North 7th Street, Apt. 3D, Williamsburg",40.7205817,-73.9623624
5207296,"595 Vanderbilt Avenue, Apt. 3, Prospect Heights",40.6796531,-73.96786340000001
5197688,"56 Pine Street, Apt. 11A, Financial District",40.706839,-74.0083401
5183512,"41 CLAVER PLACE, Apt. 2, Clinton Hill",40.68180580000001,-73.9571733
5240927,"343 Marlborough Road, Apt. 3, Ditmas Park",40.641703,-73.96425599999999
5232539,"81 Fleet Place, Apt. 12L, Fort Greene",40.6931415,-73.9812858
5224083,"133 West 3rd Street, Apt. 2R, West Village",34.0727308,-118.3722409
5190925,"200 West End Avenue, Apt. 6K, Upper West Side",40.778227,-73.9852119
5190293,"353 Warren Street, Apt. 3, Boerum Hill",40.6850362,-73.9898034
5181825,"16 West 16th Street, Apt. 5GN, Flatiron",40.7375941,-73.9937739
5170507,"111 FULTON ST, Apt. 705, Financial District",40.7099264,-74.0065609
5208909,"816 Dean Street, Apt. 2D, Prospect Heights",40.678859,-73.962954
5230238,"620 Union Street, Apt. 3, Gowanus",40.6774341,-73.98343799999999
3685342,"180 Myrtle Avenue, Apt. 4H, Fort Greene",40.6931772,-73.9803323
4499355,"200 Water Street, Apt. 709, Financial District",40.707232,-74.0047606
5203311,"265 Van Brunt Street, Apt. 1D, Red Hook",40.6796114,-74.010058
5202512,"77 East 12th Street, Apt. 2E, Greenwich Village",40.7330899,-73.9902743
5242076,"129 Garfield Place, Apt. 2, Park Slope",40.673927,-73.979906
5244535,"875 Saint Marks Avenue, Apt. 1B, Crown Heights",40.6751259,-73.9427511
5220595,"44 Hicks Street, Apt. 3, Brooklyn Heights",40.7006934,-73.993448
5244824,"180 Myrtle Avenue, Apt. 6J, Fort Greene",40.6931772,-73.9803323
5245123,"39 Jane Street, Apt. 3D, West Village",40.73832230000001,-74.00448709999999
5245249,"115 State Street, Apt. GDN, Brooklyn Heights",44.77429600000001,-74.648273
5246372,"271 12th Street, Apt. parlour, Park Slope",0,0
5241039,"55 West 84th Street, Apt. 5, Upper West Side",40.785151,-73.972482
5234669,"248 17th Street, Apt. 2, Park Slope",40.663202,-73.99082589999999
5234029,"112 Washington Avenue, Apt. PENTHOUSE, Clinton Hill",0,0
5235035,"96 Rockwell Place, Apt. 9A, Fort Greene",40.6873476,-73.9792719
5235769,"519 Myrtle Avenue, Apt. 3F, Clinton Hill",40.693908,-73.963956
5235925,"48 Duffield Street, Apt. 1, Downtown Brooklyn",40.6969329,-73.98425519999999
5218017,"45 West 67th Street, Apt. 10E, Upper West Side",40.7741974,-73.980659
5224830,"11 VARICK ST, Apt. 5S, Tribeca",40.7195698,-74.00705889999999
5230052,"43 West 94th Street, Apt. 2, Upper West Side",40.7910896,-73.966893
5229540,"415 Leonard Street, Apt. 4F, Williamsburg",40.7188345,-73.9487868
5201520,"27 West 71st Street, Apt. 4C, Upper West Side",40.7762142,-73.9775245
5207598,"446 Kent Avenue, Apt. 6E, Williamsburg",40.7091999,-73.9692701
5205675,"78 Pilling Street, Apt. 1, Bushwick",40.6842085,-73.9070412
5200382,"592 2nd Street, Apt. garden, Park Slope",30.1308334,31.2883449
5195538,"454 Manhattan Avenue, Apt. 8F, Harlem",40.8071693,-73.9549116
5194026,"175 West 13th Street, Apt. 9A, Greenwich Village",40.73786459999999,-73.9998458
5107593,"619 Classon Avenue, Apt. 1, Crown Heights",40.6793647,-73.9582731
3806919,"154-156 Grand Street, Williamsburg",40.714498,-73.96199399999999
3829011,"55 WALL ST, Apt. 633, Financial District",40.7060794,-74.0093213
5160056,"603 Bergen Street, Apt. 201, Prospect Heights",40.6799844,-73.96967889999999
5166125,"172 Clermont Avenue, Apt. 1st Fl, Fort Greene",40.692585,-73.971031
5182282,"25 Minetta Street, Apt. 4L, Greenwich Village",40.73013230000001,-74.0009833
5225004,"23 West 116th Street, Apt. 6F, Harlem",40.8013012,-73.9474919
5233816,"300 East 2nd Street, Apt. 8, East Village",42.1036918,-88.2787847
5239754,"189 Schermerhorn Street, Apt. 3D, Downtown Brooklyn",40.6895299,-73.98645160000001
5244949,"703 Carroll Street, Apt. 2R, Park Slope",40.673971,-73.977705
5245033,"335 3rd Street, Apt. 4L, Park Slope",40.6761111,-73.9902778
5234453,"127 4th Place, Apt. 2A, Carroll Gardens",40.6778153,-73.99690489999999
5238075,"100 Atlantic Avenue, Apt. 3P, Brooklyn Heights",40.6906502,-73.9967582
5214164,"225 East 58th Street, Apt. 3C, Midtown East",40.7606021,-73.9656559
5213574,"176 Douglass Street, Apt. 2, Gowanus",40.6818065,-73.9884957
5219212,"433 DeKalb Avenue, Apt. 2L, Clinton Hill",40.6905394,-73.96005339999999
5223705,"142 East 49th Street, Apt. 3D, Midtown East",40.7554251,-73.9722901
5233731,"1685 Carroll Street, Apt. 1F, Crown Heights",40.666288,-73.929892
5233186,"333 East 30th Street, Apt. 19A, Murray Hill",40.7418406,-73.9762938
3814020,"43 Madison Street, Apt. 4F, Bedford-Stuyvesant",40.6841482,-73.9573781
5152921,"200 West 20th Street, Apt. 503, Chelsea/Hudson Yards",40.7422277,-73.99746499999999
5184455,"89-10 35th Avenue, Apt. B4L, Jackson Heights",40.7522729,-73.87766429999999
5234454,"44 Butler Place, Apt. 6C, Prospect Heights",40.675268,-73.9677938
5230872,"163 Remsen Street, Apt. 3R, Brooklyn Heights",40.6935221,-73.9917313
5245284,"77 FULTON ST, Apt. 23J, Financial District",40.7091327,-74.00465849999999
5247661,"177 Avenue B, Apt. 2BB, East Village",40.74503929999999,-74.00278689999999
5239055,"10 Prospect Park SW, Apt. 21, Windsor Terrace",40.6603653,-73.9791102
5238905,"556 17th Street, Apt. GARDEN, Windsor Terrace",40.65701,-73.980665
5224988,"271 Smith Street, Apt. #2, Carroll Gardens",40.6826583,-73.9930755
5215197,"265 Van Brunt Street, Apt. 3G, Red Hook",40.6796114,-74.010058
5214278,"505 Court Street, Apt. 6G, Carroll Gardens",40.6756368,-73.9988476
5211789,"360 Furman Street, Apt. 620, Brooklyn Heights",40.6934857,-73.9996652
5229018,"232 ELIZABETH ST, Apt. 1E, Soho/Nolita",40.7231098,-73.9940033
5234661,"1827 Second Avenue, Apt. 2E, Upper East Side",40.7834523,-73.9480007
4499350,"200 Water Street, Apt. 402, Financial District",40.707232,-74.0047606
5187935,"130 Cornelia Street, Apt. 1, Bushwick",40.69060899999999,-73.91482909999999
5178270,"242 East 25th Street, Apt. 3E, Murray Hill",40.739201,-73.9805238
5234642,"632 President Street, Apt. 3, Park Slope",40.6760011,-73.9818705
5234183,"123 Putnam Avenue, Apt. 3, Bedford-Stuyvesant",40.68343,-73.9571855
5245928,"423 Hicks Street, Apt. 3H, Cobble Hill",40.68806610000001,-73.9991563
5224841,"25 Tudor City Place, Apt. 1619, Murray Hill",40.7486425,-73.9705079
5223957,"407 East 81st Street, Apt. 4-B, Upper East Side",40.773552,-73.950887
5214998,"576 11th Street, Apt. 3, Park Slope",40.638799,-73.9953665
5188949,"1288 East 19th Street, Apt. 4D, Midwood",40.6190532,-73.9566892
5188859,"1288 East 19th Street, Apt. 3A, Midwood",40.6190532,-73.9566892
5204582,"77 East 12th Street, Apt. 14A, Greenwich Village",40.7330899,-73.9902743
5203234,"810 ocean avenue, Apt. 2B, Ditmas Park",40.64270510000001,-73.9599901
5206322,"335 43rd Street, Apt. 2, Sunset Park",40.6513053,-74.0096027
5141328,"222 Hoyt Street, Cobble Hill",40.6835987,-73.9899806
5164965,"40 East 75th Street, Apt. 5B, Upper East Side",40.7730975,-73.9634718
5209379,"686 Warren Street, Apt. 2, Park Slope",40.6802624,-73.9784416
5209390,"653 De Graw Street, Apt. 3, Park Slope",40.6785595,-73.9813554
5223903,"50 West 88th Street, Apt. 7, Upper West Side",40.78721549999999,-73.97038289999999
5224554,"339 3rd Street, Apt. 1L, Park Slope",40.6761111,-73.9902778
5225609,"74 West 68th Street, Apt. 4D, Upper West Side",40.7745364,-73.98045379999999
5229810,"77 West 55th Street, Apt. 8-A, Midtown West",40.7631099,-73.9776533
5228329,"333 West 57th Street, Apt. 503, Midtown West",40.7676788,-73.9845643
5241604,"22 North 6th Street, Apt. 24E, Williamsburg",40.7201615,-73.96346059999999
5239284,"55 WALL ST, Apt. 835, Financial District",40.7060794,-74.0093213
5241620,"464 Prospect Place, Apt. 3R, Prospect Heights",40.6757974,-73.9611043
5233813,"738 Union Street, Apt. 1, Park Slope",40.67554459999999,-73.97876459999999
5230623,"237 East 88th Street, Apt. 402, Upper East Side",40.7795166,-73.9511109
5236351,"151 Green Street, Apt. 3B, Greenpoint",40.7338482,-73.95560019999999
5226817,"133 West 3rd Street, Apt. 3R, West Village",39.0395082,-80.4653093
5247812,"180 Myrtle Avenue, Apt. 4P, Fort Greene",40.6931772,-73.9803323
5239410,"115 Calyer Street, Apt. 2 FL, Greenpoint",40.7272265,-73.95660020000001
5239495,"266 New York Avenue, Apt. 3, Crown Heights",40.6711667,-73.9478808
5239496,"266 New York Avenue, Apt. 2, Crown Heights",40.6711667,-73.9478808
5230847,"359 Bainbridge Street, Apt. 4, Bedford-Stuyvesant",40.6820897,-73.9223011
5225976,"810 Ocean avenue, Apt. 4C, Ditmas Park",40.64270510000001,-73.9599901
5213877,"461 Prospect Avenue, Apt. 2, Park Slope",40.65953409999999,-73.9825481
5160943,"106 Central Park South, Apt. 4H, Central Park South",40.7656545,-73.9768438
4264460,"767 Crown Street, Apt. 1, Crown Heights",40.6655028,-73.9320678
5202582,"611 Vanderbilt Street, Apt. 2, Windsor Terrace",40.6538756,-73.975819
5203233,"225 Central Park West, Apt. 514, Upper West Side",40.7830664,-73.9714135
5203828,"215 West 75th Street, Apt. 6E, Upper West Side",40.7809856,-73.9807677
4143825,"228 Monroe Street, Apt. 4, Bedford-Stuyvesant",40.6853379,-73.95018929999999
5164377,"270 MALCOLM X BOULEVARD, Apt. 2B, Bedford-Stuyvesant",40.683736,-73.9295111
5174403,"45 West 10th Street, Apt. 2B, Greenwich Village",40.734562,-73.997643
5212774,"7 East 14th Street, Apt. 824, Flatiron",40.7358308,-73.99258499999999
5226133,"7401 4th Avenue, Apt. E1, Bay Ridge",40.6310831,-74.02460549999999
5221843,"157 West 75th Street, Apt. A, Upper West Side",40.7804667,-73.9794735
5226855,"1575 Dekalb Avenue, Apt. 2R, Bushwick",40.7033688,-73.92043819999999
5226482,"333 West 56th Street, Apt. 9L, Midtown West",40.7670025,-73.9851935
5229539,"27 Montgomery Place, Apt. 3, Park Slope",40.67148299999999,-73.9731089
5230665,"20 Chestnut Street, Apt. 1, Brooklyn",40.6874948,-73.87677649999999
5237297,"139 Skillman Avenue, Apt. 7D, Williamsburg",40.71605419999999,-73.9456656
5239685,"233 East 70th Street, Apt. 8R, Upper East Side",40.7677941,-73.9594678
5241544,"53 Boerum Place, Apt. 4E, Downtown Brooklyn",40.6897767,-73.98959570000001
5239808,"8 Vanderbilt Avenue, Apt. 11-D, Fort Greene",40.6974803,-73.9708367
5242138,"1524 Myrtle Avenue, Apt. 2, Bushwick",40.6992229,-73.9128245
5207952,"220 East 87th Street, Apt. 3G, Upper East Side",40.7789572,-73.9527434
5219234,"178 Seventh Avenue, Apt. D3, Chelsea/Hudson Yards",40.7426475,-73.9969986
3713038,"3383 12th Avenue, Apt. 1B, Kensington",40.6446309,-73.98326899999999
5230078,"1685 Carroll Street, Apt. 2F, Crown Heights",40.666288,-73.929892
5222375,"43 Park Place, Apt. 2, Park Slope",40.71208499999999,-74.00726999999999
5244054,"218 Myrtle Avenue, Apt. 9A, Fort Greene",40.6933053,-73.9795956
5246771,"74 De Sales Place, Apt. 1R, Bushwick",40.6824846,-73.9040333
5238566,"760 Union Street, Apt. 3, Park Slope",40.6751373,-73.97769749999999
5231701,"647 Myrtle Avenue, Apt. 4, Clinton Hill",40.694602,-73.957808
5170125,"400 Central Park West, Apt. 12G, Upper West Side",40.7942319,-73.963672
5187529,"2250 Broadway, Apt. 5M, Upper West Side",40.7848184,-73.9788591
5192104,"84 Chauncey street, Apt. 1N, Bedford-Stuyvesant",40.680001,-73.930763
5211297,"211 8th Avenue, Apt. 1B, Park Slope",40.6700124,-73.9752281
5222400,"1288 East 19th Street, Apt. 2E, Midwood",40.6190532,-73.9566892
5238608,"1288 East 19th Street, Apt. 2A, Midwood",40.6190532,-73.9566892
5235280,"27 Brevoort Place, Apt. 2, Clinton Hill",40.680342,-73.95443999999999
5235587,"202 Thompson Street, Apt. 12, Greenwich Village",40.7285246,-73.999523
5223907,"220 West 148th Street, Apt. 5M, Harlem",40.8240212,-73.9394064
5223037,"6 South Portland Avenu, Apt. 5A, Fort Greene",40.6893673,-73.97527840000001
5225796,"540 east 9th street, Apt. 2B, Kensington",40.6354329,-73.96944710000001
5224992,"30-11 21st Street, Apt. 5B, Astoria",40.7693032,-73.9278909
5230178,"520 East 9th Street, Apt. 3, Kensington",40.6359315,-73.9694213
5211180,"3121 Beverley Road, Apt. 1G, Flatbush",40.645449,-73.947292
5214283,"25 LEROY ST, Apt. 4, Greenwich Village",40.7307053,-74.0040298
5203362,"3324 Church Avenue, Apt. 2, East Flatbush",40.6508188,-73.94583530000001
5208040,"1810 Third Avenue, Apt. A11D, Upper East Side",40.78822419999999,-73.9474462
5167057,"54 East 8th Street, Apt. 6H, Greenwich Village",40.7308814,-73.9937801
5155627,"461 ROGERS AVE, Apt. 2, Lefferts Gardens",40.6611136,-73.95332499999999
3811514,"1387 Dean Street, Apt. 2A, Crown Heights",40.6767507,-73.942719
5099103,"82 Church Avenue, Apt. 2, Borough Park",40.6422943,-73.98013329999999
5194980,"569 Grand Avenue, Apt. 2, Prospect Heights",40.6782993,-73.96191979999999
5197254,"376 Myrtle Avenue, Apt. 1, Fort Greene",40.6930122,-73.97115459999999
5199953,"317 Smith Street, Apt. 2, Carroll Gardens",40.6811325,-73.99404849999999
5224607,"392 Central Park West, Apt. 18S, Upper West Side",40.7945333,-73.9649318
5220795,"30 East 22nd Street, Apt. 3B, Flatiron",40.7398224,-73.988066
5237071,"400 Central Park West, Apt. 15S, Upper West Side",40.7942319,-73.963672
5230691,"148 Quincy Street, Apt. 2, Clinton Hill",40.6862517,-73.955201
5234049,"1647 Pacific Street, Crown Heights",40.6770691,-73.9360727
5238771,"132 86th Street, Apt. 1, Bay Ridge",40.624211,-74.035428
5240387,"10 Park Avenue, Apt. 7S, Murray Hill",40.7475731,-73.9815103
5242080,"122 Ashland Place, Apt. 8D, Fort Greene",40.6924468,-73.9793474
5244851,"414 Cumberland Street, Apt. 2, Fort Greene",40.68322,-73.9721574
5222357,"88 MORNINGSIDE AVE, Apt. 2E, Harlem",40.809285,-73.9553131
5222841,"110 Jackson Street, Apt. 3R, Williamsburg",37.2243066,-76.6246118
5223920,"1639 74th Street, Apt. 1, Bensonhurst",40.616444,-73.99900099999999
5224564,"482 5th Avenue, Apt. 2, Park Slope",40.6679562,-73.98758149999999
5227866,"392 Central Park West, Apt. 17G, Upper West Side",40.7945333,-73.9649318
5212347,"98 Fenimore Street, Apt. 2, Lefferts Gardens",40.657902,-73.95891499999999
5209336,"382 Central Park West, Apt. 8G, Upper West Side",40.79355,-73.9656471
5208813,"63 4th Place, Apt. 3, Carroll Gardens",40.678508,-73.99940099999999
5214531,"117 Waverly Avenue, Apt. 2, Clinton Hill",40.69436899999999,-73.9677789
5215134,"312 Prospect Avenue, Apt. L4, Park Slope",40.6624859,-73.98818240000001
5217255,"150 Myrtle Avenue, Apt. 2202, Downtown Brooklyn",40.6931151,-73.98276419999999
5217350,"98 EIGHTH AVE, Apt. 3E, Chelsea/Hudson Yards",40.7401952,-74.0018443
5200951,"243 MacDonough St, Apt. 3, Bedford-Stuyvesant",40.6820286,-73.9365443
5196980,"593 Lafayette Avenue, Apt. Garden, Bedford-Stuyvesant",0,0
5204990,"593 5th Avenue, Apt. 2, Park Slope",40.6643733,-73.9900278
5194958,"21 Adelphi Street, Apt. 3R, Fort Greene",40.6972014,-73.9723967
5186400,"131 West 85th Street, Apt. 2C, Upper West Side",40.78656520000001,-73.973984
5187644,"25-33 14th Place, Apt. 1STFLOOR, Astoria",40.775027,-73.927013
5176895,"974 DeKalb Avenue, Apt. 2A, Bedford-Stuyvesant",40.69289029999999,-73.9363108
5181011,"392 Central Park West, Apt. 17T, Upper West Side",40.7945333,-73.9649318
4815091,"856 Willoughby Avenue, Apt. 2L, Bedford-Stuyvesant",40.6954229,-73.93399389999999
4029024,"255 East 49th Street, Apt. 3F, Midtown East",40.7545711,-73.969248
5155504,"943 Metropolitan Avenue, Apt. STORE, Williamsburg",0,0
5159372,"43 Cumberland Street, Apt. 4L, Fort Greene",40.6967191,-73.9743139
5146775,"520 East 81st Street, Apt. 7D, Upper East Side",40.7719611,-73.94832509999999
5170655,"144 LINDEN BOULEVARD, Apt. 2, Lefferts Gardens",40.652137,-73.953435
5181068,"265 Van Brunt Street, Apt. 1C, Red Hook",40.6796114,-74.010058
5216119,"1160 Putnam Avenue, Apt. 3, Bushwick",40.6896611,-73.9169513
5230841,"41-18 27th Street, Apt. 4A, Long Island City",40.751498,-73.9389284
5235366,"1441 Myrtle Avenue, Apt. 2, Bushwick",40.6989897,-73.91813119999999
5234851,"58 Perry Street, Apt. 3RW, West Village",40.7353649,-74.00348100000001
5236089,"100 Jay Street, Apt. 10F, DUMBO/Vinegar Hill",40.7022837,-73.986935
5208288,"139 East 33rd Street, Apt. 7J, Murray Hill",40.7460238,-73.9804578
5232795,"11 Waverly Place, Apt. 2B, Greenwich Village",40.7301485,-73.9940771
5231526,"328 West 77th Street, Apt. 7, Upper West Side",40.7833602,-73.9834327
5194775,"84 Chauncey street, Apt. 2N, Bedford-Stuyvesant",40.680001,-73.930763
5194778,"84 Chauncey street, Apt. 3N, Bedford-Stuyvesant",40.680001,-73.930763
5192123,"84 Chauncey street, Apt. 4N, Bedford-Stuyvesant",40.680001,-73.930763
5192138,"84 Chauncey street, Apt. 2S, Bedford-Stuyvesant",40.680001,-73.930763
5187758,"1495 Lincoln Place, Apt. 2, Crown Heights",40.6696578,-73.92704309999999
5196117,"89 Ryerson Street, Apt. 2, Clinton Hill",40.694973,-73.96498
5235975,"20 West Street, Apt. 17L, Financial District",40.7062159,-74.01569719999999
5245506,"135 East 54th Street, Apt. 3F, Midtown East",40.7592574,-73.970743
5215194,"1595 Lexington Avenue, Apt. 3D, East Harlem",40.7891442,-73.9482286
5221950,"392 Central Park West, Apt. 12S, Upper West Side",40.7945333,-73.9649318
5166124,"16 MAGAW PLACE, Apt. 4C, Washington Heights",40.8511567,-73.9370596
5163969,"236 East 47th Street, Apt. 17D, Midtown East",40.7531911,-73.9708966
5173626,"350 West 50th Street, Apt. 3X, Clinton",40.7628948,-73.98807470000001
5222630,"71 Underhill Avenue, Apt. 2r, Prospect Heights",40.6785065,-73.965203
5225094,"230 Riverside Drive, Apt. 12C, Upper West Side",40.795468,-73.97529899999999
5217251,"186 West 80th Street, Apt. 5C, Upper West Side",40.7835554,-73.9776758
5220778,"425 Central Park West, Apt. 7E, Upper West Side",40.7960422,-73.96186709999999
5245474,"1132 Dekalb Avenue, Apt. 3, Bushwick",40.694229,-73.92908419999999
5247236,"196 8th Avenue, Apt. 6, Park Slope",40.67063,-73.97558699999999
5246653,"362 Henry Street, Apt. 4R, Cobble Hill",40.6889697,-73.99731299999999
5238932,"206 Thompson Street, Apt. 1, Greenwich Village",40.7286137,-73.99932439999999
5238990,"498 Putnam Avenue, Apt. 1L, Bedford-Stuyvesant",40.6850262,-73.9413888
5234766,"860 West 181st Street, Apt. 67A, Washington Heights",40.8511615,-73.9408473
5238124,"1439 East 56th Street, Flatlands",40.6205155,-73.9209685
5234045,"229 ELIZABETH ST, Apt. 5, Soho/Nolita",40.7229846,-73.9941767
5233315,"640 Ditmas Avenue, Apt. 33, Kensington",40.6360115,-73.9716012
5209220,"312 Prospect Avenue, Apt. 2R, Park Slope",40.6624859,-73.98818240000001
5188001,"591 WILLOUGHBY AVE, Apt. 3, Bedford-Stuyvesant",40.694505,-73.945662
5190823,"212 East 84th Street, Apt. 2D, Upper East Side",40.7770851,-73.95418339999999
5216252,"330 East 119th Street, Apt. 3C, East Harlem",40.7982826,-73.9352576
5239140,"179 Lafayette Avenue, Apt. 2, Fort Greene",40.68788,-73.97032399999999
5244930,"43 Jefferson Avenue, Apt. 4, Bedford-Stuyvesant",40.6826573,-73.9556101
5235322,"89 Sherman Street, Apt. 1, Windsor Terrace",40.6564723,-73.97531579999999
5219462,"422 Chauncey Street, Apt. 1st FL, Bedford-Stuyvesant",40.681767,-73.915329
5224175,"52 Harman Street, Apt. 1, Bushwick",40.6947203,-73.9236906
5222511,"328 10th Street, Apt. 2, Park Slope",39.2253384,-76.6218097
5176793,"103 Quentin Road, Apt. B-503, Bensonhurst",40.6057955,-73.9827076
5201540,"375 Graham Avenue, Apt. 1, Williamsburg",40.7157999,-73.94480519999999
5205132,"314 19th Street, Apt. 1A, Greenwood",40.6606341,-73.989651
5182258,"430 West 34th Street, Apt. 17F, Chelsea/Hudson Yards",40.7536833,-73.9975767
5174467,"1240 Bedford Avenue, Apt. 6C, Bedford-Stuyvesant",40.6813991,-73.953794
5110648,"1599 Union Street, Apt. 1, Crown Heights",40.668375,-73.937688
5224186,"250 West 89th Street, Apt. 7A, Upper West Side",40.7902672,-73.9756309
5218548,"119 East 101st Street, Apt. 3B, Upper East Side",40.78959740000001,-73.9493682
5208871,"25 West 83rd Street, Apt. 1F, Upper West Side",40.78401239999999,-73.9718749
5235211,"702 44th Street, Apt. 4J, Sunset Park",40.64543099999999,-74.00227699999999
5231725,"277 Nostrand Avenue, Apt. 3R, Bedford-Stuyvesant",40.6893248,-73.9511093
5239453,"405 KOSCIUSZKO ST, Apt. 3, Bedford-Stuyvesant",40.692327,-73.93845
5238763,"18-30 Linden St, Apt. 2, Ridgewood",40.704247,-73.908305
5247732,"18-30 Linden St, Apt. 2, Ridgewood",40.704247,-73.908305
5171785,"145 West 79th Street, Apt. 8D, Upper West Side",40.7828044,-73.9768801
5181788,"767 Crown Street, Apt. 2R, Crown Heights",40.6655028,-73.9320678
5202450,"129 Moffat Street, Apt. 1, Bushwick",40.68657100000001,-73.90772799999999
5246176,"1485 Fifth Avenue, Apt. 9G, Harlem",40.802754,-73.944423
5239409,"109-20 Queens Boulevard, Apt. 4F, Forest Hills",40.7198175,-73.8412403
5236900,"457 West 57th Street, Apt. 611, Midtown West",40.7689654,-73.9875472
5208711,"211 Saint James Place, Apt. 3B, Clinton Hill",40.6832868,-73.96349699999999
5214044,"419 Chauncey Street, Apt. 1C, Bedford-Stuyvesant",40.6819565,-73.9176852
5223956,"339 East 29th Street, Apt. 2, Flatbush",40.6421652,-73.9493963
5225200,"580 Lincoln Place, Apt. 3L, Crown Heights",40.67122,-73.957244
5229575,"29 West 65th Street, Apt. 2B, Upper West Side",40.7727159,-73.9808678
5214131,"246 East 90th Street, Apt. 4D, Upper East Side",40.780461,-73.95052299999999
5247966,"23 CLINTON ST, Apt. 1B, Lower East Side",40.7206127,-73.9845193
5219431,"433 West 34th Street, Apt. 6E, Clinton",40.7542734,-73.9977639
5216150,"59 8th Avenue, Apt. 2F, Park Slope",40.6737958,-73.9724988
5227765,"565 4th Avenue, Apt. 2L, Park Slope",40.6658051,-73.99213309999999
5227816,"176 West 86th Street, Apt. 2D, Upper West Side",40.7873566,-73.9749829
5234842,"446 Knickerbocker Ave, Apt. 3, Bushwick",40.6990415,-73.9190661
5232650,"510 West 123rd Street, Apt. 63, Morningside Heights",40.8113515,-73.9585599
5234428,"69-18 62nd Street, Apt. 2, Queens",40.70357,-73.894853
5241714,"216 6th Avenue, Apt. 4C, Park Slope",24.7712579,121.0130405
5247051,"339 East 58th Street, Apt. 10J, Midtown East",40.7595174,-73.9631435
5198880,"434 Hart Street, Apt. Garden, Bedford-Stuyvesant",40.6947442,-73.93341920000002
5185263,"60-73 68th Rd, Apt. 2, Ridgewood",40.7044521,-73.897086
5175851,"93 Hicks Street, Apt. 3FS, Brooklyn Heights",40.6987537,-73.9941874
5175852,"93 Hicks Street, Apt. 3RN, Brooklyn Heights",40.6986971,-73.9939701
5155561,"443 86th Street, Apt. 1, Bay Ridge",40.6223012,-74.02708439999999
5109765,"1001 Lincoln Place, Apt. 4B, Crown Heights",40.6704255,-73.9435541
5227492,"106 Remsen Avenue, Apt. 3G, Crown Heights",40.661023,-73.929873
5229968,"882 Lexington Avenue, Apt. 1A, Upper East Side",40.7664934,-73.9653708
5214184,"489 Montgomery Street, Apt. 2F, Crown Heights",40.6654898,-73.9486008
5208876,"6221 Almeda avenue, Apt. TOP FLOOR, Queens",0,0
5227501,"106 Remsen Avenue, Apt. 4B, Crown Heights",40.661023,-73.929873
5244788,"471 Carroll Street, Apt. 4L, Gowanus",40.6772018,-73.98661059999999
5241590,"643 Warren Street, Apt. 4, Park Slope",40.68072919999999,-73.9786855
5240161,"340 51st Street, Apt. 3, Sunset Park",40.646374,-74.01442899999999
5239467,"135 Ocean Parkway, Apt. F7, Kensington",40.6466856,-73.97406099999999
5238712,"211 Jefferson Avenue, Apt. 4R, Bedford-Stuyvesant",40.683592,-73.9491479
5230735,"245A Lexington Avenue, Apt. 2, Bedford-Stuyvesant",40.687707,-73.95261599999999
5235787,"49 Willow Street, Apt. 1F, Brooklyn Heights",40.6996232,-73.9944916
4672072,"348 Classon Avenue, Apt. 1, Bedford-Stuyvesant",40.6886001,-73.96021019999999
5190306,"1515 Fulton Street, Apt. 3, Bedford-Stuyvesant",40.6801037,-73.94078360000002
5191799,"40 Clinton Street, Apt. 8B, Brooklyn Heights",40.6955289,-73.9920708
5207929,"425 51ST ST, Apt. Garden, Sunset Park",0,0
5208346,"1663 Sterling Place, Apt. 1, Crown Heights",40.6713014,-73.9236069
5210768,"273 Albany Avenue, Apt. 4A, Crown Heights",40.6714942,-73.9391148
5229014,"649 Prospect Place, Apt. B3, Prospect Heights",40.675021,-73.955001
5189340,"900 West 190th Street, Apt. 5K, Washington Heights",40.8570262,-73.9361002
5229017,"647 Prospect Place, Apt. 12-A, Prospect Heights",40.675045,-73.955097
5211578,"865 Lafayette Avenue, Apt. 2, Bedford-Stuyvesant",40.6916045,-73.9379915
5234286,"250 57th Street, Apt. 3, Sunset Park",40.64426,-74.019948
5235367,"1288 East 19th Street, Apt. 4C, Midwood",40.6190532,-73.9566892
5235713,"227 Berry Street, Apt. 3L, Williamsburg",40.7157384,-73.96190659999999
5237088,"140 West 46th Street, Apt. 3R, Midtown West",40.7579,-73.9840773
5233130,"98 Howard Avenue, Apt. 1, Bedford-Stuyvesant",40.6854034,-73.92066779999999
5240619,"28A Hart Street, Apt. 1, Bedford-Stuyvesant",40.692691,-73.95080899999999
5245271,"86 Waverly Avenue, Apt. 2, Clinton Hill",40.6951116,-73.9684053
5244869,"590 MacDonough Street, Apt. 2, Bedford-Stuyvesant",40.6832275,-73.9229897
5213315,"51 East 131st Street, Apt. 2F, East Harlem",40.8093795,-73.9369475
5210871,"9716 Remington St, Apt. 1, Jamaica",40.6949259,-73.8114768
5219204,"557 74th Street, Apt. 2, Bay Ridge",40.6297425,-74.02065739999999
5218951,"353 Ocean Avenue, Apt. 2E, Lefferts Gardens",40.6544139,-73.96150999999999
5218833,"64-02 Woodbine Street, Apt. 1, Ridgewood",40.708093,-73.895358
5229015,"647 Prospect Place, Apt. 8, Prospect Heights",40.675045,-73.955097
5230211,"739 Quincy Street, Apt. 3, Bedford-Stuyvesant",40.6896364,-73.9289247
5225824,"106 Remsen Avenue, Apt. 7D, Crown Heights",40.661023,-73.929873
5226096,"741 Crown Street, Apt. 3, Crown Heights",40.6654618,-73.9330605
5188187,"551 Chauncey Street, Apt. 2, Bedford-Stuyvesant",40.6825242,-73.9126284
5206366,"1111 St. Johns Place, Apt. Ground, Crown Heights",0,0
5204016,"168 E. 56th Street, Apt. 2, Flatbush",40.6529436,-73.9249856
3694730,"2193 BERGEN ST, Apt. 1, Crown Heights",40.674012,-73.9075529
5172305,"420 55th Street, Apt. 2, Sunset Park",40.643144,-74.015096
5166528,"629 Hancock Street, Apt. 2, Bedford-Stuyvesant",40.6849948,-73.93013119999999
5175853,"93 Hicks Street, Apt. 4RS, Brooklyn Heights",40.6986971,-73.9939701
5196392,"186 29th Street, Apt. 2, Greenwood",40.6576241,-73.9997173
5238818,"6953 74th Street, Apt. 2, Middle Village",40.7080535,-73.8767062
5238834,"58 Monroe Street, Apt. 3, Bedford-Stuyvesant",40.6845575,-73.9570128
5227465,"664 Woodward Ave, Apt. 2, Ridgewood",40.705342,-73.9066347
5208653,"367 Monroe Street, Apt. 1, Bedford-Stuyvesant",40.6865035,-73.94309439999999
5201504,"458 Prospect Place, Apt. TOP, Prospect Heights",0,0
5200081,"458 park place, Apt. Top, Prospect Heights",0,0
5172576,"140 West 46th Street, Apt. 3FR, Midtown West",40.7579,-73.9840773
3782736,"235 Adams Street, Apt. 8K, Brooklyn Heights",40.6965499,-73.98829289999999
5246454,"884 Atlantic Avenue, Apt. 3, Clinton Hill",40.6811577,-73.9656249
5212410,"184 21st Street, Apt. 5B, Greenwood",40.6624178,-73.9953578
5219658,"4501 Broadway, Apt. 7E, Washington Heights",40.858597,-73.932045
5222060,"122 Ashland Place, Apt. 16E, Fort Greene",40.6924468,-73.9793474
5214461,"359 Broadway, Apt. 5, Williamsburg",40.7076722,-73.9553431
5214395,"190 Cozine Avenue, Apt. 6E, East New York",40.6548451,-73.8847926
5218919,"88-11 34TH AVE, Apt. 2E, Jackson Heights",40.7546486,-73.8790531
5246671,"1794 Third Avenue, Apt. 4A, East Harlem",40.7875845,-73.9479333
5247804,"221 Berkeley Place, Apt. 1F, Park Slope",40.674682,-73.973329
5244787,"403 6th Avenue, Apt. 15, Park Slope",24.7712579,121.0130405
5234409,"1644 8th avenue, Apt. #1, Park Slope",40.6605807,-73.9838358
3889804,"12421 Flatlands Avenue, Apt. 2L, East New York",40.6575326,-73.87619889999999
5174569,"78-14 Austin Street, Apt. 2H, Forest Hills",40.713095,-73.834143
5201638,"504 Seneca Avenue, Apt. 3R, Ridgewood",40.7051948,-73.9120551
5219534,"269 BENNETT AVE, Apt. 5D, Washington Heights",40.8590536,-73.9323424
5215432,"92 chester Avenue, Apt. 2, Kensington",40.6433627,-73.98367360000002
5229906,"303 Grove Street, Apt. 1R, Bushwick",40.6985277,-73.9158144
5238413,"10106 Avenue L, Apt. 2, Canarsie",40.640659,-73.891722
5236011,"187 Kingston Avenue, Apt. 1, Crown Heights",40.6735082,-73.9415925
5128069,"23 Somers Street, Apt. 3FL, Bedford-Stuyvesant",40.6787591,-73.91255079999999
5230853,"216 Malcolm X Boulevard, Apt. 3F, Bedford-Stuyvesant",40.6858975,-73.9298563
5227458,"1868 Bleecker Street, Apt. 2, Queens",40.706212,-73.90978199999999
5219535,"85-11 34th Avenue, Apt. PH-6J, Jackson Heights",0,0
5218289,"7410 11TH AVE, Apt. 2, Dyker Heights",40.623494,-74.011668
5225628,"309 Cooper Street, Apt. 2A, Bushwick",40.6924416,-73.9030591
5231390,"1093 Herkimer Street, Apt. 2, Bedford-Stuyvesant",40.6780929,-73.917245
5233267,"108 St Nicholas Ave, Apt. 1R, Bushwick",40.7055487,-73.91872940000002
5236379,"2800 Coyle Street, Apt. 0402, Sheepshead Bay",40.5852536,-73.934491
5236561,"541 Bergen Street, Apt. 1A, Prospect Heights",40.68047139999999,-73.97216019999999
5186143,"1160 Putnam Avenue, Apt. 2, Bushwick",40.6896611,-73.9169513
5209459,"361 Broadway, Apt. 4 FL, Williamsburg",40.7076863,-73.95524329999999
5219156,"196 E 57th Street, Apt. 2, East Flatbush",40.6511389,-73.92382479999999
5230333,"1169 E. 104th Street, Apt. 1, Canarsie",40.6426453,-73.8901462
5244359,"268 Sterling Place, Apt. FRNT PLR, Prospect Heights",0,0
5245754,"2258 Linden blvd, Apt. 1, East New York",40.66298219999999,-73.8794362
5245755,"739 East 94th st, Apt. 1, East Flatbush",40.650492,-73.912032
5233777,"131 Beach 119th Street, Apt. 5G, Queens",40.5770252,-73.83893420000001
5210772,"898 lafayette avenue, Apt. 1F, Bedford-Stuyvesant",40.6914296,-73.9365023
5225882,"70 Hart Street, Apt. 2, Bedford-Stuyvesant",40.69285300000001,-73.949377
5227924,"120 West 138th Street, Apt. 2H, Harlem",40.8164953,-73.9407914
5208192,"8722 Bay Parkway, Apt. C2, Bensonhurst",40.5995983,-73.9966956
5214445,"400 Cozine Avenue, Apt. 7A, East New York",40.6578174,-73.8773119
5190400,"131 Beach 119th Street, Apt. 5C, Queens",40.5770252,-73.83893420000001
5138950,"76 Clark Street, Brooklyn Heights",40.6974431,-73.9933485
5234047,"220 Darlington Ave, Apt. Side, Rossville ",0,0
5192289,"1465 Myrtle Ave, Apt. 3rd and 4t, Bushwick",40.6990867,-73.9170608
4084962,"1191 Atlantic Avenue, Apt. 2I, Bedford-Stuyvesant",40.678849,-73.95159699999999
3842605,"260 East 67th Street, Apt. RETAIL, Upper East Side",0,0
3819844,"110 East 60th Street, Apt. MEDICAL, Upper East Side",40.76325480000001,-73.9682899
3801390,"1035 Third Avenue, Apt. BC, Upper East Side",40.7629266,-73.96516439999999
3472641,"418 East 71st Street, Apt. Medical, Upper East Side",40.764822,-73.971143
3485032,"600 West 58th Street, Apt. Commercial, Midtown West",40.7708811,-73.99147909999999
3371179,"111 East 57th Street, Apt. MEDICAL, Upper East Side",40.764822,-73.971143
3376054,"156 WILLIAM ST, Apt. Medical, Financial District",40.7098108,-74.00536819999999
5202589,"233 Broadway, Apt. P13, Tribeca",40.7124491,-74.0082925
5204036,"156 WILLIAM ST, Apt. 801, Financial District",40.7098108,-74.00536819999999
5203957,"110 GREENE ST, Apt. 901, Soho/Nolita",40.7245336,-73.9995714
